011-AMBA, AMBA
02241-RANCHOS, BUENOS AIRES-LA POSADA, BUENOS AIRES-CHASCOMUS, BUENOS AIRES
0220-MARCOS PAZ, BUENOS AIRES-MARIANO ACOSTA, BUENOS AIRES-VILLARS, BUENOS AIRES-GENERAL LAS HERAS, BUENOS AIRES-LIBERTAD, BUENOS AIRES-PLOMMER, BUENOS AIRES-PONTEVEDRA, BUENOS AIRES-MERLO (PROV.  BUENOS AIRES), BUENOS AIRES
02224-GUERNICA, BUENOS AIRES-GLEW, BUENOS AIRES
02242-LEZAMA, BUENOS AIRES-PILA, BUENOS AIRES
0221-BARRIO PARQUE SICARDI, BUENOS AIRES-LISANDRO OLMOS, BUENOS AIRES-OLIDEN, BUENOS AIRES-BARTOLOME BAVIO, BUENOS AIRES-LA PLATA, BUENOS AIRES-ABASTO, BUENOS AIRES-POBLET, BUENOS AIRES
02202-GONZALEZ CATAN, BUENOS AIRES-VIRREY DEL PINO, BUENOS AIRES
02221-PIPINAS, BUENOS AIRES-VERONICA, BUENOS AIRES-ATALAYA, BUENOS AIRES-PUNTA INDIO, BUENOS AIRES-MAGDALENA, BUENOS AIRES-VIEYTES, BUENOS AIRES-JOSE FERRARI, BUENOS AIRES
02223-CORONEL BRANDSEN, BUENOS AIRES-LOMA VERDE, BUENOS AIRES-ALTAMIRANO (PROV.  BUENOS AIRES), BUENOS AIRES-ESTACION GOMEZ, BUENOS AIRES-JEPPENER, BUENOS AIRES
02226-CA헷ELAS, BUENOS AIRES-BARRIO SAN ESTEBAN, BUENOS AIRES-URIBELARREA, BUENOS AIRES-ALEJANDRO PETION, BUENOS AIRES-PARAJE EL TALADRO, BUENOS AIRES
02244-LAS FLORES (PROV.  BUENOS AIRES), BUENOS AIRES
0223-BARRIO EL CASAL, BUENOS AIRES-BARRIO PARQUE PE헤, BUENOS AIRES-PLAYA CHAPADMALAL, BUENOS AIRES-SANTA CELINA, BUENOS AIRES-SIERRA DE LOS PADRES, BUENOS AIRES-BATAN, BUENOS AIRES-ESTACION CAMET, BUENOS AIRES-SANTA CLARA DEL MAR, BUENOS AIRES-MAR CHIQUITA, BUENOS AIRES-BARRIO SAN EDUARDO, BUENOS AIRES-COLONIA BARRAGAN, BUENOS AIRES-LA BRAVA (PROV. BUENOS AIRES), BUENOS AIRES-LOS ORTIZ, BUENOS AIRES-BARRIO LA ARMONIA, BUENOS AIRES-EL FARO, BUENOS AIRES-MAR DEL PLATA, BUENOS AIRES-LAS DOS MARIAS, BUENOS AIRES
02254-PINAMAR, BUENOS AIRES-CARILO, BUENOS AIRES
02225-LA CAPILLA, BUENOS AIRES-DOMSELAAR, BUENOS AIRES-SAN VICENTE (PROV.  BUENOS AIRES), BUENOS AIRES-ALEJANDRO KORN, BUENOS AIRES
02227-ANTONIO CARBONI, BUENOS AIRES-CARLOS BEGUERIE, BUENOS AIRES-ROQUE PEREZ, BUENOS AIRES-LOBOS, BUENOS AIRES-SALVADOR MARIA, BUENOS AIRES
02342-WARNES, BUENOS AIRES-BRAGADO, BUENOS AIRES-COMODORO PY, BUENOS AIRES-MECHITA, BUENOS AIRES-O' BRIEN, BUENOS AIRES
02343-ELVIRA, BUENOS AIRES-ERNESTINA, BUENOS AIRES-NORBERTO DE LA RIESTRA, BUENOS AIRES-PEDERNALES, BUENOS AIRES
0230-VILLA ROSA, BUENOS AIRES-DERQUI, BUENOS AIRES-FATIMA, BUENOS AIRES-LA LONJA, BUENOS AIRES-LOS CARDALES, BUENOS AIRES-PARQUE INDUSTRIAL PILAR, BUENOS AIRES-PILAR (PROV.  BUENOS AIRES), BUENOS AIRES
02324-SUIPACHA, BUENOS AIRES-GENERAL RIVAS, BUENOS AIRES-MERCEDES (PROV.  BUENOS AIRES), BUENOS AIRES-CASTILLA, BUENOS AIRES
02325-SAN ANDRES DE GILES, BUENOS AIRES-CUCULLU, BUENOS AIRES-AZCUENAGA, BUENOS AIRES
02323-TORRES, BUENOS AIRES-CAPILLA DEL SE헲R, BUENOS AIRES-FLANDRIA, BUENOS AIRES-LUJAN (PROV.  BUENOS AIRES), BUENOS AIRES-OLIVERA, BUENOS AIRES-PARADA ROBLES, BUENOS AIRES-CARLOS KEEN, BUENOS AIRES-BRAHMA, BUENOS AIRES-OPEN DOOR, BUENOS AIRES-VILLA RUIZ, BUENOS AIRES
02320-TORTUGUITAS, BUENOS AIRES-JOSE C. PAZ, BUENOS AIRES-DEL VISO, BUENOS AIRES-GRAND BOURG, BUENOS AIRES
02326-SAN ANTONIO DE ARECO, BUENOS AIRES-DUGGAN, BUENOS AIRES-SOLIS, BUENOS AIRES-VILLA LIA, BUENOS AIRES
02243-GENERAL BELGRANO, BUENOS AIRES-VILLANUEVA, BUENOS AIRES
02337-ROOSEVELT, BUENOS AIRES-AMERICA, BUENOS AIRES-FORTIN OLAVARRIA, BUENOS AIRES-SANSINENA, BUENOS AIRES
02344-ALVAREZ DE TOLEDO, BUENOS AIRES-CAZON, BUENOS AIRES-DEL CARRIL, BUENOS AIRES-GENERAL ALVEAR (PROV.  BUENOS AIRES), BUENOS AIRES-POLVAREDAS (PROV.  BUENOS AIRES), BUENOS AIRES-SALADILLO (PROV.  BUENOS AIRES), BUENOS AIRES
02345-MOSCONI, BUENOS AIRES-25 DE MAYO (PROV.  BUENOS AIRES), BUENOS AIRES-PUEBLO DEL VALLE, BUENOS AIRES-SAN ENRIQUE, BUENOS AIRES-VALDES, BUENOS AIRES
02229-JUAN MARIA GUTIERREZ, BUENOS AIRES-EL PATO, BUENOS AIRES
0249-VELA, BUENOS AIRES-GARDEY, BUENOS AIRES-TANDIL, BUENOS AIRES
02245-CASTELLI, BUENOS AIRES-DOLORES (PROV.  BUENOS AIRES), BUENOS AIRES-GENERAL CONESA (PROV.  BUENOS AIRES), BUENOS AIRES-SEVIGNE, BUENOS AIRES
03329-SANTA LUCIA (PROV.  BUENOS AIRES), BUENOS AIRES-ALSINA, BUENOS AIRES-BARADERO, BUENOS AIRES-GOBERNADOR CASTRO, BUENOS AIRES-IRENEO PORTELA, BUENOS AIRES-LA VIOLETA, BUENOS AIRES-PEREZ MILLAN, BUENOS AIRES-RIO TALA, BUENOS AIRES-SAN PEDRO (PROV. BUENOS AIRES), BUENOS AIRES
03382-CA헤DA SECA (PROV.  BUENOS AIRES), BUENOS AIRES-LA CESIRA (PROV.  CORDOBA), CORDOBA-SANTA REGINA, SANTA FE-VILLA SABOYA, SANTA FE-DIEGO DE ALVEAR, SANTA FE-RUFINO, SANTA FE-SAN GREGORIO, SANTA FE-AARON CASTELLANOS, SANTA FE-AMENABAR, SANTA FE
03388-AMEGHINO, BUENOS AIRES-BANDERALO, BUENOS AIRES-BLAQUIER, BUENOS AIRES-CORONEL CHARLONE, BUENOS AIRES-DRABLE, BUENOS AIRES-EL DIA, BUENOS AIRES-ELORDI, BUENOS AIRES-EMILIO  BUNGE, BUENOS AIRES-GENERAL VILLEGAS, BUENOS AIRES-PIEDRITAS (PROV. BUENOS AIRES), BUENOS AIRES-SANTA ELEODORA, BUENOS AIRES-TRES ALGARROBOS, BUENOS AIRES-VILLA SAUZE, BUENOS AIRES
03407-EL PARAISO, BUENOS AIRES-RAMALLO, BUENOS AIRES-VILLA RAMALLO, BUENOS AIRES
0336-CAMPOS SALLES, BUENOS AIRES-CONESA, BUENOS AIRES-GENERAL ROJO, BUENOS AIRES-SAN NICOLAS, BUENOS AIRES
03487-LIMA, BUENOS AIRES-ZARATE, BUENOS AIRES
0348-DIQUE LUJAN, BUENOS AIRES-ESCOBAR, BUENOS AIRES-GARIN, BUENOS AIRES-INGENIERO MASCHWITZ, BUENOS AIRES-ISLA MARTIN GARCIA, BUENOS AIRES-MAQUINISTA SAVIO, BUENOS AIRES-MATHEU, BUENOS AIRES-ZELAYA, BUENOS AIRES
03489-CAMPANA, BUENOS AIRES-ING. ROMULO OTAMENDI, BUENOS AIRES
02246-SANTA TERESITA, BUENOS AIRES
02252-GENERAL LAVALLE (PROV.  BUENOS AIRES), BUENOS AIRES-SAN CLEMENTE DEL TUYU, BUENOS AIRES
02255-VILLA GESELL, BUENOS AIRES
02257-MAR DE AJO, BUENOS AIRES-SAN BERNARDO (PROV.  BUENOS AIRES), BUENOS AIRES
02261-LOBERIA, BUENOS AIRES-NAPALEOFU, BUENOS AIRES-SAN MANUEL (PROV.  BUENOS AIRES), BUENOS AIRES
02262-NECOCHEA, BUENOS AIRES-PIERES, BUENOS AIRES
02264-CLARAZ, BUENOS AIRES-JUAN N. FERNANDEZ, BUENOS AIRES-LA DULCE, BUENOS AIRES-RAMON SANTAMARINA, BUENOS AIRES
02265-CORONEL VIDAL, BUENOS AIRES-GENERAL PIRAN, BUENOS AIRES-VIVORATA, BUENOS AIRES
02266-BALCARCE, BUENOS AIRES-LAS PIEDRITAS, BUENOS AIRES-LOS PINOS, BUENOS AIRES-MECHONGUE, BUENOS AIRES-SAN AGUSTIN (PROV.  BUENOS AIRES), BUENOS AIRES
02267-GENERAL MADARIAGA, BUENOS AIRES
02268-GENERAL GUIDO, BUENOS AIRES-LABARDEN, BUENOS AIRES-LAS ARMAS, BUENOS AIRES-MAIPU (PROV.  BUENOS AIRES), BUENOS AIRES-SANTO DOMINGO (PROV.  BUENOS AIRES), BUENOS AIRES
02271-ABBOTT, BUENOS AIRES-GORCHS, BUENOS AIRES-MONTE, BUENOS AIRES
02272-LAS MARIANAS, BUENOS AIRES-NAVARRO, BUENOS AIRES-VILLA MOLL, BUENOS AIRES
02273-CARMEN DE ARECO, BUENOS AIRES-TRES SARGENTOS, BUENOS AIRES
02274-CARLOS SPEGAZZINI, BUENOS AIRES
02281-AZUL, BUENOS AIRES-CACHARI, BUENOS AIRES-CHILLAR, BUENOS AIRES
02283-TAPALQUE, BUENOS AIRES
02284-HINOJO, BUENOS AIRES-OLAVARRIA, BUENOS AIRES-SIERRAS BAYAS, BUENOS AIRES-VILLA FORTABAT, BUENOS AIRES
02285-LAPRIDA, BUENOS AIRES
02286-GENERAL LAMADRID, BUENOS AIRES-LA COLINA, BUENOS AIRES-LAS MARTINETAS, BUENOS AIRES-LIBANO, BUENOS AIRES-SAN JORGE (PROV.  BUENOS AIRES), BUENOS AIRES
02291-COMANDANTE N. OTAMENDI, BUENOS AIRES-MAR DEL SUR, BUENOS AIRES-MIRAMAR (PROV.  BUENOS AIRES), BUENOS AIRES-SAN EDUARDO DEL MAR, BUENOS AIRES
02292-BENITO JUAREZ, BUENOS AIRES-VILLA CACIQUE, BUENOS AIRES
02296-AYACUCHO, BUENOS AIRES
02297-RAUCH, BUENOS AIRES
02314-BOLIVAR, BUENOS AIRES-ESPIGAS, BUENOS AIRES-HALE, BUENOS AIRES-HENDERSON, BUENOS AIRES-PIROVANO, BUENOS AIRES-RECALDE, BUENOS AIRES-URDAMPILLETA, BUENOS AIRES
02316-ARBOLEDAS, BUENOS AIRES-DAIREAUX, BUENOS AIRES
02317-12 DE OCTUBRE, BUENOS AIRES-9 DE JULIO (PROV.  BUENOS AIRES), BUENOS AIRES-CARLOS MARIA NAON, BUENOS AIRES-DENNEHY, BUENOS AIRES-DUDIGNAC, BUENOS AIRES-FRENCH, BUENOS AIRES-LA NI헤, BUENOS AIRES-MOREA, BUENOS AIRES-NORUMBEGA, BUENOS AIRES-PATRICIOS, BUENOS AIRES-QUIROGA, BUENOS AIRES-TROPEZON, BUENOS AIRES
02346-ALBERTI, BUENOS AIRES-BENITEZ, BUENOS AIRES-CORONEL MOM, BUENOS AIRES-CHIVILCOY, BUENOS AIRES-GOBERNADOR UGARTE, BUENOS AIRES-GOROSTIAGA, BUENOS AIRES-LA RICA, BUENOS AIRES-MOQUEHUA, BUENOS AIRES-PALEMON HUERGO, BUENOS AIRES-PLA, BUENOS AIRES-RAMON BIAUS, BUENOS AIRES-SAN SEBASTIAN, BUENOS AIRES
02352-CUCHA CUCHA, BUENOS AIRES-CHACABUCO, BUENOS AIRES-IRALA, BUENOS AIRES-RAWSON (PROV.  BUENOS AIRES), BUENOS AIRES
02353-ARRIBE헲S, BUENOS AIRES-ASCENCION, BUENOS AIRES-FERRE, BUENOS AIRES-FORTIN TIBURCIO, BUENOS AIRES-GENERAL ARENALES, BUENOS AIRES-LA ANGELITA, BUENOS AIRES
02354-EL DORADO, BUENOS AIRES-IRIARTE, BUENOS AIRES-JUAN B. ALBERDI, BUENOS AIRES-VEDIA, BUENOS AIRES
02355-ARENAZA, BUENOS AIRES-BAYAUCA, BUENOS AIRES-EL TRIUNFO, BUENOS AIRES-LAS TOSCAS (PROV.  BUENOS AIRES), BUENOS AIRES-LINCOLN, BUENOS AIRES-MARTINEZ DE HOZ, BUENOS AIRES-PASTEUR, BUENOS AIRES-ROBERTS, BUENOS AIRES
02356-CORONEL GRANADA, BUENOS AIRES-GENERAL PINTO, BUENOS AIRES-GERMANIA, BUENOS AIRES
02357-CARLOS SALAS, BUENOS AIRES-CARLOS TEJEDOR, BUENOS AIRES-COLONIA SERE, BUENOS AIRES-CURARU, BUENOS AIRES-TIMOTE, BUENOS AIRES
02358-LOS TOLDOS (PROV.  BUENOS AIRES), BUENOS AIRES-ZAVALIA, BUENOS AIRES
0236-AGUSTIN ROCA, BUENOS AIRES-AGUSTINA, BUENOS AIRES-BAIGORRITA, BUENOS AIRES-JUNIN (PROV.  BUENOS AIRES), BUENOS AIRES-LEANDRO N. ALEM (PROV.  BUENOS AIRES), BUENOS AIRES-MORSE, BUENOS AIRES-OHIGGINS, BUENOS AIRES-SAFORCADA, BUENOS AIRES
0237-BARRIO MI RINCON, BUENOS AIRES-FRANCISCO ALVAREZ, BUENOS AIRES-GENERAL RODRIGUEZ, BUENOS AIRES-MORENO, BUENOS AIRES
02392-30 DE AGOSTO, BUENOS AIRES-BERUTTI, BUENOS AIRES-PELLEGRINI, BUENOS AIRES-TRENQUE LAUQUEN, BUENOS AIRES
02393-SALAZAR, BUENOS AIRES
02394-INGENIERO THOMSON, BUENOS AIRES-QUENUMA, BUENOS AIRES-SALLIQUELO, BUENOS AIRES-TRES LOMAS, BUENOS AIRES
02395-BELLOCQ, BUENOS AIRES-CADRET, BUENOS AIRES-CARLOS CASARES, BUENOS AIRES-MAURICIO HIRSCH, BUENOS AIRES-MOCTEZUMA, BUENOS AIRES-SANTO TOMAS (PROV. BUENOS AIRES, BUENOS AIRES-SMITH, BUENOS AIRES
02396-CHICLANA, BUENOS AIRES-FRANCISCO MADERO, BUENOS AIRES-GUANACO, BUENOS AIRES-JUAN JOSE PASO, BUENOS AIRES-MAGDALA, BUENOS AIRES-MONES CAZON, BUENOS AIRES-NUEVA PLATA, BUENOS AIRES-PEHUAJO, BUENOS AIRES
02473-COLON (PROV.  BUENOS AIRES), BUENOS AIRES-EL ARBOLITO, BUENOS AIRES-JUNCAL, BUENOS AIRES-WHEELWRIGHT, SANTA FE-HUGHES, SANTA FE
02474-GAHAN, BUENOS AIRES-INES INDART, BUENOS AIRES-SALTO, BUENOS AIRES
02475-CARABELAS, BUENOS AIRES-RAFAEL OBLIGADO, BUENOS AIRES-ROJAS, BUENOS AIRES
02477-ACEVEDO, BUENOS AIRES-ARROYO DULCE, BUENOS AIRES-EL SOCORRO, BUENOS AIRES-FONTEZUELA, BUENOS AIRES-GUERRICO, BUENOS AIRES-JUAN DE LA PE헤, BUENOS AIRES-M. H. ALFONZO, BUENOS AIRES-MANUEL OCAMPO, BUENOS AIRES-MARIANO BENITEZ, BUENOS AIRES-PEARSON, BUENOS AIRES-PERGAMINO, BUENOS AIRES-PINZON, BUENOS AIRES-RANCAGUA, BUENOS AIRES-URQUIZA, BUENOS AIRES-GENERAL GELLY (PROV.  SANTA FE), SANTA FE
02478-ARRECIFES, BUENOS AIRES-CAPITAN SARMIENTO, BUENOS AIRES-ESTACION VI헤, BUENOS AIRES-TODD, BUENOS AIRES
0291-BAHIA BLANCA, BUENOS AIRES-CABILDO, BUENOS AIRES-CHASICO, BUENOS AIRES-MAYOR BURATOVICH, BUENOS AIRES-NUEVA ROMA, BUENOS AIRES-PARAJE SAUCE CHICO, BUENOS AIRES-SALDUNGARAY, BUENOS AIRES-SIERRA DE LA VENTANA, BUENOS AIRES-TENIENTE ORIGONE, BUENOS AIRES-TORNQUIST, BUENOS AIRES-VILLA VENTANA, BUENOS AIRES
02921-BALNEARIO PEHUEN CO, BUENOS AIRES-CORONEL DORREGO, BUENOS AIRES-EL PERDIDO, BUENOS AIRES-MONTE HERMOSO, BUENOS AIRES-SAN ROMAN, BUENOS AIRES
02922-CORONEL PRINGLES, BUENOS AIRES
02923-ARROYO CORTO, BUENOS AIRES-DUFAUR, BUENOS AIRES-ESPARTILLAR, BUENOS AIRES-GOYENA, BUENOS AIRES-PIG㏊, BUENOS AIRES-PUAN, BUENOS AIRES-SAAVEDRA, BUENOS AIRES
02924-17 DE AGOSTO, BUENOS AIRES-BORDENAVE, BUENOS AIRES-DARREGUEIRA, BUENOS AIRES-ESTEBAN AGUSTIN GASCON, BUENOS AIRES-GUATRACHE, BUENOS AIRES-SAN MIGUEL ARCANGEL, BUENOS AIRES-SANTA TERESA (PROV.  LA PAMPA), LA PAMPA
02925-BERNASCONI, BUENOS AIRES-FELIPE SOLA, BUENOS AIRES-GENERAL SAN MARTIN (PROV. BUENOS AIRES), BUENOS AIRES-JACINTO ARAUZ, BUENOS AIRES-SAN GERMAN, BUENOS AIRES-VILLA IRIS, BUENOS AIRES
02926-CORONEL SUAREZ, BUENOS AIRES-SANTA MARIA (PROV.  BUENOS AIRES), BUENOS AIRES
02927-ALGARROBO, BUENOS AIRES-ARGERICH, BUENOS AIRES-MEDANOS (PROV.  BUENOS AIRES), BUENOS AIRES
02928-HILARIO ASCASUBI, BUENOS AIRES-JUAN A. PRADERE, BUENOS AIRES-PEDRO LURO, BUENOS AIRES-VILLALONGA, BUENOS AIRES
02929-BONIFACIO, BUENOS AIRES-CASBAS, BUENOS AIRES-GARRE, BUENOS AIRES-GUAMINI, BUENOS AIRES
02932-BAJO HONDO, BUENOS AIRES-PUERTO BELGRANO, BUENOS AIRES-PUNTA ALTA, BUENOS AIRES
02933-HUANGUELEN SUR, BUENOS AIRES
02935-RIVERA, BUENOS AIRES-VILLA MAZA, BUENOS AIRES
02936-CARHUE, BUENOS AIRES-ERIZE, BUENOS AIRES
02982-CLAROMECO, BUENOS AIRES-ORENSE, BUENOS AIRES-SAN FRANCISCO DE BELLOCQ, BUENOS AIRES
02983-ADOLFO GONZALEZ CHAVES, BUENOS AIRES-APARICIO, BUENOS AIRES-COPETONAS, BUENOS AIRES-DE LA GARMA, BUENOS AIRES-INDIO RICO, BUENOS AIRES-JUAN E.BARRA, BUENOS AIRES-MICAELA CASCALLARES, BUENOS AIRES-ORIENTE, BUENOS AIRES-RETA, BUENOS AIRES-SAN CAYETANO, BUENOS AIRES-TRES ARROYOS, BUENOS AIRES-VAZQUEZ, BUENOS AIRES
03327-BENAVIDEZ, BUENOS AIRES-LOPEZ CAMELO, BUENOS AIRES
03832-ANCASTI, CATAMARCA-ANQUINCILLA, CATAMARCA-BALDE DE LA PUNTA, CATAMARCA-CANDELARIA (PROV.  CATAMARCA), CATAMARCA-CASA DE PIEDRA (PROV. CATAMARCA), CATAMARCA-EL AYBAL, CATAMARCA-EL BA헤DO (PROV. CATAMARCA, DTO. LA PAZ), CATAMARCA-EL DIVISADERO, CATAMARCA-ESQUIU, CATAMARCA-ICA헲 (PROV.  CATAMARCA), CATAMARCA-LA DORADA, CATAMARCA-LA GUARDIA, CATAMARCA-LA MAJADA (PROV. CATAMARCA), CATAMARCA-LAS ESQUINAS, CATAMARCA-QUIROS, CATAMARCA-RECREO (PROV.  CATAMARCA), CATAMARCA-SAN ANTONIO (PROV. CATAMARCA), CATAMARCA-SAN ANTONIO DE LA PAZ, CATAMARCA-SAN ANTONIO SUR, CATAMARCA-SAN MARTIN (PROV.  CATAMARCA), CATAMARCA
0383-ALIJILAN, CATAMARCA-AMADORES, CATAMARCA-BALCOZNA, CATAMARCA-BA헤DO DE OVANTA, CATAMARCA-CAPAYAN, CATAMARCA-CATAMARCA, CATAMARCA-COLONIA DEL VALLE, CATAMARCA-COLONIA NUEVA CONETA, CATAMARCA-COLPES (PROV. CATAMARCA, DTO. AMBATO), CATAMARCA-COLLAGASTA, CATAMARCA-CONCEPCION OESTE, CATAMARCA-CONETA, CATAMARCA-CHUMBICHA, CATAMARCA-EL ALTO (PROV. CATAMARCA, DTO. EL ALTO), CATAMARCA-EL BA헤DO ESTE (PROV. CATAMARCA, DTO. CAPAYAN), CATAMARCA-EL LINDERO (PROV. CATAMARCA, DTO. CAPITAL), CATAMARCA-EL PANTANILLO, CATAMARCA-EL PORTEZUELO (PROV. CATAMARCA), CATAMARCA-EL RODEO (PROV.  CATAMARCA), CATAMARCA-GUAYAMBA, CATAMARCA-HUAYCAMA, CATAMARCA-HUILLAPIMA, CATAMARCA-INFANZON, CATAMARCA-LA BAJADA (PROV. CATAMARCA), CATAMARCA-LA CARRERA, CATAMARCA-LA HIGUERA (PROV. CATAMARCA), CATAMARCA-LA MERCED (PROV.  CATAMARCA), CATAMARCA-LA PUERTA (PROV.  CATAMARCA), CATAMARCA-LAS CA헤S (PROV. CATAMARCA, DTO. SANTA ROSA), CATAMARCA-LAS JUNTAS (PROV.  CATAMARCA), CATAMARCA-LAS LAJAS (PROV. CATAMARCA), CATAMARCA-LAS PIRQUITAS, CATAMARCA-LAS TEJAS DE ABAJO, CATAMARCA-LOS ALTOS, CATAMARCA-LOS ANGELES, CATAMARCA-LOS CASTILLOS, CATAMARCA-LOS TALAS, CATAMARCA-MANANTIALES (PROV. CATAMARCA), CATAMARCA-MIRAFLORES (PROV. CATAMARCA), CATAMARCA-MONTE POTRERO, CATAMARCA-NUEVA CONETA, CATAMARCA-PALO LABRADO, CATAMARCA-POMANCILLO, CATAMARCA-SAN ANTONIO PACLIN, CATAMARCA-SAN JOSE (PROV.  CATAMARCA), CATAMARCA-SAN PABLO (PROV. CATAMARCA), CATAMARCA-SAN PEDRO (PROV. CATAMARCA), CATAMARCA-SAN PEDRO(PROV . CATAMARCA,  DTO. CAPAYAN), CATAMARCA-VILLISMAN, CATAMARCA
03835-AMANAO, CATAMARCA-ANDALGALA, CATAMARCA-ANTOFAGASTA DE LA SIERRA, CATAMARCA-BAJO LA ALUMBRERA, CATAMARCA-BARRANCA LARGA, CATAMARCA-BELEN, CATAMARCA-BUENA VISTA, CATAMARCA-COLANA, CATAMARCA-COLPES (PROV. CATAMARCA, DTO. POMAN), CATAMARCA-CORRAL QUEMADO, CATAMARCA-CHAQUIAGO, CATAMARCA-CHOYA (PROV. CATAMARCA, DTO. ANDALGALA), CATAMARCA-EL ALAMITO (PROV. CATAMARCA), CATAMARCA-EL BOLSON (PROV. CATAMARCA), CATAMARCA-EL LINDERO (PROV. CATAMARCA, DTO. ANDALGALA), CATAMARCA-EL PAJONAL, CATAMARCA-EL PE헲N, CATAMARCA-EL POTRERO, CATAMARCA-HUALFIN, CATAMARCA-JACIPUNCO, CATAMARCA-JOYANGO, CATAMARCA-LA AGUADA (PROV. CATAMARCA, DTO. ANDALGALA), CATAMARCA-LAS CHACRITAS, CATAMARCA-LONDRES, CATAMARCA-LOS NACIMIENTOS, CATAMARCA-LOS VARELA, CATAMARCA-MINA FARALLON NEGRO, CATAMARCA-MINERA DEL ALTIPLANO, CATAMARCA-MUTQUIN, CATAMARCA-POMAN, CATAMARCA-PUERTA DEL CORRAL QUEMADO, CATAMARCA-RINCON (PROV.  CATAMARCA), CATAMARCA-ROSARIO DE COLANA, CATAMARCA-SAN FERNANDO, CATAMARCA-SAN MIGUEL (PROV. CATAMARCA), CATAMARCA-SAUJIL (PROV.  CATAMARCA, DTO. POMAN), CATAMARCA-SIJAN, CATAMARCA-SINGUIL, CATAMARCA-TATON, CATAMARCA-VILLA VILL, CATAMARCA
03837-COPACABANA (PROV.  CATAMARCA), CATAMARCA-EL DURAZNO OESTE, CATAMARCA-EL PUEBLITO, CATAMARCA-FIAMBALA, CATAMARCA-LA GRUTA, CATAMARCA-LAS CORTADERAS (PROV. CATAMARCA), CATAMARCA-MEDANITOS, CATAMARCA-PALO BLANCO, CATAMARCA-PUNTA DEL AGUA (PROV. CATAMARCA), CATAMARCA-SAUJIL  (PROV.  CATAMARCA, DTO. TINOGASTA), CATAMARCA-TINOGASTA, CATAMARCA
03838-EL CAJON, CATAMARCA-LA HOYADA, CATAMARCA-SAN JOSE NORTE, CATAMARCA-SANTA MARIA (PROV.  CATAMARCA), CATAMARCA
03877-TACO POZO, CHACO-RIO DEL VALLE, SALTA-NUESTRA SE헲RA DE TALAVERA, SALTA-PIQUETE CABADO, SALTA-GENERAL PIZARRO, SALTA-JOAQUIN V. GONZALEZ, SALTA-LAS LAJITAS, SALTA-LUIS BURELA, SALTA-APOLINARIO SARAVIA, SALTA-CEIBALITO, SALTA-CENTRO 25 DE JUNIO, SALTA-CORONEL MOLLINEDO, SALTA-EL QUEBRACHAL (PROV.  SALTA), SALTA-GAONA, SALTA
03711-COMANDANTE FRIAS (PROV. CHACO), CHACO-GENERAL MOSCONI, FORMOSA-INGENIERO GUILLERMO N. JUAREZ, FORMOSA-LOS CHIRIG㎟NOS, FORMOSA-MARIA CRISTINA, FORMOSA
03715-NUEVA POMPEYA, CHACO-SAUZALITO, CHACO-POZO DEL TIGRE, FORMOSA-LAGUNA YEMA, FORMOSA-LAS LOMITAS, FORMOSA
03721-COTE LAI, CHACO-CHARADAI, CHACO-LA SABANA, CHACO
0362-BARRIO LOS PESCADORES, CHACO-BASAIL, CHACO-COLONIA BENITEZ, CHACO-COLONIA POPULAR, CHACO-GENERAL VEDIA, CHACO-ISLA DEL CERRITO, CHACO-LA ESCONDIDA, CHACO-LA LEONESA, CHACO-LA VERDE (PROV.  CHACO), CHACO-LAGUNA BLANCA (PROV. CHACO), CHACO-LAPACHITO, CHACO-MAKALLE, CHACO-MARGARITA BELEN, CHACO-PUERTO BASTIANI, CHACO-PUERTO BERMEJO, CHACO-PUERTO TIROL, CHACO-RESISTENCIA, CHACO
03725-CAPITAN SOLARI, CHACO-COLONIA LAS GARCITAS, CHACO-COLONIAS UNIDAS, CHACO-GENERAL JOSE DE SAN MARTIN, CHACO-LAGUNA LIMPIA, CHACO-LAS GARCITAS, CHACO-PAMPA ALMIRON, CHACO-PAMPA DEL INDIO, CHACO-PRESIDENCIA ROCA, CHACO-SELVAS DEL RIO DE ORO, CHACO
03731-CORZUELA, CHACO-CHARATA, CHACO-GANCEDO, CHACO-GENERAL PINEDO, CHACO-LAS BRE헤S, CHACO
0364-AVIA TERAI, CHACO-CAMPO LARGO, CHACO-COLONIA ABORIGEN CHACO, CHACO-CONCEPCION DEL BERMEJO, CHACO-EL PALMAR, CHACO-JUAN JOSE CASTELLI, CHACO-LA TIGRA, CHACO-LOS FRENTONES, CHACO-NAPENAY, CHACO-PAMPA DEL INFIERNO, CHACO-PRESIDENCIA ROQUE SAENZ PE헤, CHACO-QUITILIPI, CHACO-TRES ISLETAS, CHACO-VILLA RIO BERMEJITO, CHACO
03734-COLONIA ELISA, CHACO-EL CURUNDU, CHACO-ING. BARBET, CHACO-MACHAGAI, CHACO-PRESIDENCIA DE LA PLAZA, CHACO
03735-COLONIA D. MATHEU, CHACO-CORONEL DU GRATY, CHACO-ENRIQUE URIEN, CHACO-HERMOSO CAMPO, CHACO-LA CLOTILDE, CHACO-PUEBLO CLODOMIRO DIAZ, CHACO-SAMUHU, CHACO-SAN BERNARDO (PROV.  CHACO), CHACO-SANTA SYLVINA, CHACO-VILLA ANGELA, CHACO-VILLA BERTHET, CHACO
0280-GASTRE, CHUBUT-LAGUNITA SALADA, CHUBUT-LAS PLUMAS, CHUBUT-LOS ALTARES, CHUBUT-PASO DE INDIOS, CHUBUT-PLAYA UNION, CHUBUT-PUERTO MADRYN, CHUBUT-PUERTO PIRAMIDE, CHUBUT-RAWSON (PROV.  CHUBUT), CHUBUT-SEPAUCAL, CHUBUT-TELSEN, CHUBUT-TRELEW, CHUBUT-YALA LAUBAT, CHUBUT-28 DE JULIO (PROV.  CHUBUT, DTO. GAIMAN), CHUBUT-BLANCUNTRE, CHUBUT-CERRO CONDOR, CHUBUT-CHACAY OESTE, CHUBUT-DIQUE FLORENTINO AMEGHINO, CHUBUT-DOLAVON, CHUBUT-EL ESCORIAL, CHUBUT-EL MIRASOL, CHUBUT-GAIMAN, CHUBUT-GAN GAN, CHUBUT
0297-ASTRA, CHUBUT-BAHIA BUSTAMANTE, CHUBUT-CALETA OLIVIA, CHUBUT-CAMARONES, CHUBUT-COMODORO RIVADAVIA, CHUBUT-DIADEMA, CHUBUT-JARAMILLO, CHUBUT-LAS HERAS, CHUBUT-PICO TRUNCADO, CHUBUT-PUERTO DESEADO, CHUBUT-SARMIENTO (PROV.  CHUBUT), CHUBUT-TELLIER, CHUBUT
0294-LAS GOLONDRINAS (PROV.  CHUBUT), CHUBUT-VILLA TRAFUL, RIO NEGRO-VILLA LA ANGOSTURA, RIO NEGRO-VILLA MASCARDI, RIO NEGRO-PILCANIYEU, RIO NEGRO-RIO CHICO, RIO NEGRO-RIO VILLEGAS, RIO NEGRO-SAN CARLOS DE BARILOCHE, RIO NEGRO-CONFLUENCIA, RIO NEGRO-헲RQUINCO, RIO NEGRO-LAGO ESPEJO, RIO NEGRO-LAGO PUELO, RIO NEGRO-EL BOLSON (PROV. RIO NEGRO), RIO NEGRO-EL FOYEL, RIO NEGRO-EL HOYO, RIO NEGRO-EL MANSO, RIO NEGRO
02945-ALDEA EPULEF, CHUBUT-ALDEA ESCOLAR, CHUBUT-ALTO RIO SENGUER, CHUBUT-ARROYO RIO CHICO, CHUBUT-BUEN PASTO, CHUBUT-CARRENLEUFU, CHUBUT-CERRO CENTINELA, CHUBUT-COLAN CONHUE (PROV.  CHUBUT), CHUBUT-CORCOVADO, CHUBUT-COSTA DEL CHUBUT, CHUBUT-CUSHAMEN, CHUBUT-CHOLILA, CHUBUT-EL MAITEN, CHUBUT-EPUYEN, CHUBUT-ESQUEL, CHUBUT-FOFO CAHUEL, CHUBUT-GOBERNADOR COSTA, CHUBUT-GUALJAINA, CHUBUT-JOSE DE SAN MARTIN, CHUBUT-LAGO RIVADAVIA, CHUBUT-LAGO ROSARIO, CHUBUT-LAGO VINTTER, CHUBUT-LAS PAMPAS, CHUBUT-LOS CIPRESES, CHUBUT-PASO DEL SAPO, CHUBUT-PIEDRA PARADA, CHUBUT-RANQUIHUAU, CHUBUT-RIO PICO, CHUBUT-TECKA, CHUBUT-TREVELIN, CHUBUT-VALLE EL CAJON, CHUBUT-VILLA FUTALAUFQUEN, CHUBUT-VILLA RURAL RIO BLANCO, CHUBUT
02903-RIO MAYO, CHUBUT-ALDEA BELEIRO, CHUBUT-COIHAIQUE, CHUBUT-DOCTOR RICARDO ROJAS, CHUBUT-FACUNDO, CHUBUT-LAGO BLANCO, CHUBUT-LAGO FONTANA, CHUBUT-PASO HUEMULES, CHUBUT-PASTOS BLANCOS, CHUBUT
03585-SAN BASILIO, CORDOBA-MONTE DE LOS GAUCHOS, CORDOBA-PUNTA DEL AGUA (PROV. CORDOBA, DTO. RIO CUARTO), CORDOBA-ADELIA MARIA, CORDOBA-LA BRIANZA, CORDOBA
03584-LOS CISNES, CORDOBA-SANTA EUFEMIA, CORDOBA-EL RASTREADOR, CORDOBA-HUANCHILLA, CORDOBA-LA CARLOTA, CORDOBA
03583-TOSQUITA, CORDOBA-VICU헤 MACKENNA, CORDOBA-VILLA SARMIENTO, CORDOBA-VILLA VALERIA, CORDOBA-WASHINGTON, CORDOBA-DEL CAMPILLO, CORDOBA-GENERAL SOLER, CORDOBA-LA CAUTIVA, CORDOBA-LA LEGUA, CORDOBA-MATTALDI, CORDOBA-NICOLAS BRUZONE, CORDOBA
03582-ACHIRAS, CORDOBA-BULNES, CORDOBA-CORONEL MOLDES (PROV.  CORDOBA), CORDOBA-CHAJAN, CORDOBA-CHA헤RITOS, CORDOBA-FRAGUEYRO, CORDOBA-LOS JAGUELES, CORDOBA-MALENA, CORDOBA-SAMPACHO, CORDOBA-SUCO, CORDOBA
0358-COLONIA EL CARMEN, CORDOBA-CORONEL BAIGORRIA, CORDOBA-CHARRAS, CORDOBA-CHUCUL, CORDOBA-EL BA헤DO (PROV.  CORDOBA), CORDOBA-EL CHACAY, CORDOBA-ELENA, CORDOBA-ESPINILLO, CORDOBA-GENERAL CABRERA, CORDOBA-GENERAL DEHEZA, CORDOBA-HOLMBERG, CORDOBA-HUERTA VIEJA, CORDOBA-LA AGUADA (PROV. CORDOBA), CORDOBA-LA BARRANQUITA, CORDOBA-LA CALERA CALAMUCHITA, CORDOBA-LA CAROLINA, CORDOBA-LA ESQUINA, CORDOBA-LA GILDA, CORDOBA-LAS ACEQUIAS, CORDOBA-LAS ALBAHACAS, CORDOBA-LAS CA헬TAS, CORDOBA-LAS HIGUERAS, CORDOBA-LAS QUINTAS, CORDOBA-LAS VERTIENTES, CORDOBA-LOS MOLLES (PROV.  CORDOBA, DTO. RIO CUARTO), CORDOBA-OLAETA, CORDOBA-PASO DEL DURAZNO, CORDOBA-RIO CUARTO, CORDOBA-RIO DE LOS SAUCES, CORDOBA-RODEO VIEJO, CORDOBA-SAN AMBROSIO, CORDOBA-VILLA REDUCCION, CORDOBA-ALCIRA, CORDOBA-ALEJANDRO ROCA, CORDOBA-ALPA CORRAL, CORDOBA-BERROTARAN, CORDOBA-CARNERILLO, CORDOBA-COLONIA DOLORES, CORDOBA
03542-MORTERITOS, CORDOBA-MUSSI, CORDOBA-NINALQUIN, CORDOBA-OJO DE AGUA  (PROV. CORDOBA, DTO MINAS), CORDOBA-OJO DE AGUA SUR, CORDOBA-PIEDRAS ANCHAS, CORDOBA-RUMIACO, CORDOBA-SAGRADA FAMILIA, CORDOBA-SALSACATE, CORDOBA-SAN CARLOS MINAS, CORDOBA-SAN JERONIMO, CORDOBA-SIERRA DE PAREDES, CORDOBA-TALA CA헤DA, CORDOBA-TOSNO, CORDOBA-VILLA DE POCHO, CORDOBA-AGUA DEL CRISPIN, CORDOBA-ALTO GRANDE, CORDOBA-AMBUL, CORDOBA-BAJO DE LOS CORRALES, CORDOBA-BELLA VISTA (PROV. CORDOBA), CORDOBA-CANDELARIA (PROV.  CORDOBA), CORDOBA-CAPILLA DE LA CANDELARIA (PROV. CORDOBA, DTO. CRUZ DEL EJE), CORDOBA-CIENAGA DE BRITOS, CORDOBA-CIENAGA DEL CORO, CORDOBA-CRUZ DE CA헤, CORDOBA-CHANCANI, CORDOBA-EL QUEMADO, CORDOBA-ESTANCIA GUADALUPE, CORDOBA-GUASAPAMPA, CORDOBA-LA ARGENTINA, CORDOBA-LA HIGUERA (PROV. CORDOBA), CORDOBA-LA PLAYA, CORDOBA-LA SIERRITA (PROV. CORDOBA, DTO. POCHO), CORDOBA-LOS BARRIALES, CORDOBA-LOS MEDANITOS, CORDOBA
03543-ARG㏊LLO, CORDOBA-CABANA, CORDOBA-DUMESNIL, CORDOBA-LA CALERA (PROV.  CORDOBA), CORDOBA-MENDIOLAZA, CORDOBA-RIO CEBALLOS, CORDOBA-SALDAN, CORDOBA-SALSIPUEDES, CORDOBA-UNQUILLO, CORDOBA
03544-CIENAGA DE ALLENDE, CORDOBA-CONLARA, CORDOBA-EL MEDANITO, CORDOBA-EL PERCHEL (PROV. CORDOBA, DTO. PUNILLA), CORDOBA-LA CONCEPCION, CORDOBA-LA PAZ (PROV.  CORDOBA), CORDOBA-LA POBLACION, CORDOBA-LA TRAVESIA, CORDOBA-LAS CALLES, CORDOBA-LAS CORTADERAS (PROV. CORDOBA), CORDOBA-LAS TAPIAS NORTE, CORDOBA-LOS CALLEJONES, CORDOBA-LOS CERRILLOS (PROV. CORDOBA, DTO. SAN JAVIER), CORDOBA-LOS HORNILLOS, CORDOBA-LOS MANANTIALES (PROV. CORDOBA), CORDOBA-LOS ROMEROS, CORDOBA-LUYABA, CORDOBA-MINA CLAVERO, CORDOBA-NONO, CORDOBA-OJO DE AGUA (PROV. CORDOBA, DTO. SAN ALBERTO), CORDOBA-PANAHOLMA, CORDOBA-PIEDRA PINTADA, CORDOBA-QUEBRACHO LADEADO, CORDOBA-SAN JAVIER (PROV.  CORDOBA), CORDOBA-SAN JOSE (PROV.  CORDOBA), CORDOBA-SAN MIGUEL (PROV.  CORDOBA), CORDOBA-SAN RAFAEL (PROV. CORDOBA), CORDOBA-SAN VICENTE (PROV.  CORDOBA), CORDOBA-SAUCE ARRIBA, CORDOBA-VILLA DOLORES, CORDOBA-VILLA LAS ROSAS, CORDOBA-VILLA RAFAEL BENEGAS, CORDOBA-YACANTO, CORDOBA
03546-AMBOY, CORDOBA-ATOS PAMPA, CORDOBA-BAHIA AGRADABLE, CORDOBA-CA헤DA DEL SAUCE, CORDOBA-CERRO PELADO, CORDOBA-EL CORCOVADO, CORDOBA-EL DURAZNO SUR, CORDOBA-INTI YACO, CORDOBA-LA CRUZ (PROV.  CORDOBA), CORDOBA-LA CUMBRECITA, CORDOBA-LOS REARTES, CORDOBA-LUTTI, CORDOBA-POTRERO DE LUJAN, CORDOBA-SAN IGNACIO SUR, CORDOBA-SANTA ROSA DE CALAMUCHITA, CORDOBA-VILLA ALPINA, CORDOBA-VILLA AMANCAY, CORDOBA-VILLA BERNA, CORDOBA-VILLA DEL DIQUE, CORDOBA-VILLA GENERAL BELGRANO, CORDOBA-VILLA PARQUE LOS REARTES, CORDOBA-VILLA RUMIPAL, CORDOBA-VILLA SANTA MONICA, CORDOBA-VILLA YACANTO, CORDOBA
03547-ALTA GRACIA, CORDOBA-ANIZACATE, CORDOBA-BAHIA TONON, CORDOBA-BAJO CHICO, CORDOBA-BOCA DEL RIO, CORDOBA-COLONIA EVITA, CORDOBA-DESPE헤DEROS, CORDOBA-FALDA DEL CARMEN, CORDOBA-GOLPE DE AGUA, CORDOBA-JOSE DE LA QUINTANA, CORDOBA-LA BOLSA, CORDOBA-LA PAISANITA, CORDOBA-LA SERRANITA, CORDOBA-LOS CEDROS, CORDOBA-LOS MOLINOS (PROV.  CORDOBA), CORDOBA-MONTE RALO, CORDOBA-OBSERVATORIO, CORDOBA-POTRERO DE GARAY, CORDOBA-RAFAEL GARCIA, CORDOBA-SAN AGUSTIN (PROV.  CORDOBA), CORDOBA-SAN CLEMENTE, CORDOBA-SANTA ANA (PROV.  CORDOBA, DTO. SANTA MARIA), CORDOBA-VALLE CAUNTRY CLUB, CORDOBA-VILLA CIUDAD DE AMERICA, CORDOBA-VILLA DIQUE LOS MOLINOS, CORDOBA-VILLA LA MARCED, CORDOBA-VILLA LOS AROMOS, CORDOBA-VILLA LOS MOLINOS NORTE, CORDOBA-VILLA SAN ISIDRO, CORDOBA
03548-CANTERAS IGUAZU, CORDOBA-CAPILLA DEL MONTE, CORDOBA-CASA GRANDE, CORDOBA-CHARBONIER, CORDOBA-DOLORES (PROV.  CORDOBA), CORDOBA-ESCUELA EL PANTANO, CORDOBA-LA CUMBRE, CORDOBA-LA FALDA, CORDOBA-LOS COCOS, CORDOBA-NEGRO HUASI, CORDOBA-ONGAMIRA, CORDOBA-ORO GRUESO, CORDOBA-PIEDRAS GRANDES, CORDOBA-SAN ESTEBAN, CORDOBA-VALLE HERMOSO, CORDOBA-VILLA GIARDINO, CORDOBA
03549-AGUAS DE RAMON, CORDOBA-BA헤DO DE SOTO, CORDOBA-CANTERAS QUILPIO, CORDOBA-CASAS VIEJAS (PROV. CORDOBA, DTO. COLON), CORDOBA-CRUZ DEL EJE, CORDOBA-EL BRETE, CORDOBA-EMBALSE PICHANAS, CORDOBA-GUANACO MUERTO, CORDOBA-LA BATEA, CORDOBA-LOS LEONES, CORDOBA-MEDIA NARANJA, CORDOBA-PASO VIEJO, CORDOBA-PICHANAS, CORDOBA-PIEDRA ANCHA, CORDOBA-SAN ANTONIO (PROV.  CORDOBA), CORDOBA-SAN MARCOS SIERRA, CORDOBA-SERREZUELA, CORDOBA-TOTORA HUASI, CORDOBA-VILLA DE SOTO, CORDOBA
03562-ALTOS DE CHIPION, CORDOBA-BRINKMANN, CORDOBA-COLONIA DIEZ DE JULIO, CORDOBA-COLONIA MILESI, CORDOBA-COLONIA ROSA, CORDOBA-COLONIA SAN PEDRO, CORDOBA-COLONIA VIGNAUD, CORDOBA-LA PAQUITA, CORDOBA-MORTEROS, CORDOBA-SAN GUILLERMO, CORDOBA-SEEBER, CORDOBA-SUARDI, CORDOBA
03563-BALNEARIA, CORDOBA-MARULL, CORDOBA-MIRAMAR (PROV.  CORDOBA), CORDOBA
03564-COLONIA CASTELAR, CORDOBA-COLONIA MARINA, CORDOBA-COLONIA PROSPERIDAD, CORDOBA-COLONIA SAN BARTOLOME, CORDOBA-DEVOTO, CORDOBA-FREYRE, CORDOBA-LA FRANCIA, CORDOBA-PLAZA LUXARDO, CORDOBA-PORTE헤, CORDOBA-QUEBRACHO HERRADO, CORDOBA-SAN FRANCISCO (PROV. CORDOBA), CORDOBA-ZENON PEREYRA, CORDOBA
03571-ALMAFUERTE (PROV.  CORDOBA), CORDOBA-CORRALITO, CORDOBA-EMBALSE, CORDOBA-GENERAL FOTHERINGHAM, CORDOBA-LAS BAJADAS, CORDOBA-LOS CONDORES, CORDOBA-RIO TERCERO, CORDOBA-TANCACHA, CORDOBA-TRES POZOS (PROV.  CORDOBA), CORDOBA-VILLA ASCASUBI, CORDOBA
03572-COSME SUR, CORDOBA-COSTA SACATE, CORDOBA-IMPIRA, CORDOBA-LAGUNA LARGA, CORDOBA-LOZADA, CORDOBA-MANFREDI, CORDOBA-ONCATIVO, CORDOBA-PILAR (PROV.  CORDOBA), CORDOBA-RIO SEGUNDO, CORDOBA
03573-CALCHIN, CORDOBA-CA헤DA DEL MACHADO SUR, CORDOBA-CAPILLA DEL CARMEN, CORDOBA-COSTA ALEGRE, CORDOBA-LUQUE, CORDOBA-MATORRALES, CORDOBA-RINCON (PROV.  CORDOBA), CORDOBA-VILLA DEL ROSARIO (PROV.  CORDOBA), CORDOBA
03574-CA헤DA DEL MACHADO NORTE, CORDOBA-CAPILLA DE LA SAGRADA FAMILIA, CORDOBA-CAPILLA DE LOS REMEDIOS, CORDOBA-COLONIA EL FORTIN, CORDOBA-COMECHINGONES, CORDOBA-EL CRISPIN, CORDOBA-ESQUINA (PROV.  CORDOBA), CORDOBA-KILOMETRO 691, CORDOBA-LOS GUNDOS, CORDOBA-NUEVA ANDALUCIA, CORDOBA-PEDRO E VIVAS, CORDOBA-PIQUILLIN, CORDOBA-PUESTO DE AFUERA, CORDOBA-RIO PRIMERO, CORDOBA-SANTA ROSA DE RIO PRIMERO, CORDOBA-SANTIAGO TEMPLE, CORDOBA-TINOCO, CORDOBA
03575-ATAHONA, CORDOBA-CAPILLA DE SITON, CORDOBA-CHALACEA, CORDOBA-DIEGO DE ROJAS, CORDOBA-EL TOSTADO, CORDOBA-LA ANGOSTURA, CORDOBA-LA PARA, CORDOBA-LA POSTA, CORDOBA-LA PUERTA (PROV.  CORDOBA), CORDOBA-LA QUINTA, CORDOBA-LAS AVERIAS, CORDOBA-LAS PALMITAS ESTE, CORDOBA-LAS SALADAS, CORDOBA-MAQUINISTA GALLINI, CORDOBA-MONTE DEL ROSARIO, CORDOBA-OBISPO TREJO, CORDOBA-VILLA FONTANA (PROV.  CORDOBA), CORDOBA
03576-ARROYITO (PROV.  CORDOBA), CORDOBA-COLONIA COYUNDA, CORDOBA-COLONIA CUATRO ESQUINAS, CORDOBA-COLONIA LA TORDILLA, CORDOBA-COLONIA POZO DEL CHAJA, CORDOBA-EL FUERTECITO, CORDOBA-EL MANANTIAL, CORDOBA-EL TIO, CORDOBA-LA CORTADERA (PROV.  CORDOBA), CORDOBA-LA TORDILLA, CORDOBA-LAS GRAMILLAS, CORDOBA-LOS CHANARITOS, CORDOBA-POZO DE LA LOMA, CORDOBA-TORO PUJIO, CORDOBA-TRANSITO, CORDOBA-VILLA CONCEPCION DEL TIO, CORDOBA-VILLA DEL TRANSITO, CORDOBA
0351-BOUWER, CORDOBA-COLONIA TIROLESA, CORDOBA-CORDOBA, CORDOBA-EL QUEBRACHAL (PROV.  CORDOBA), CORDOBA-FERREYRA, CORDOBA-GUI헤ZU, CORDOBA-JUAREZ CELMAN, CORDOBA-LICEO, CORDOBA-LOS BOULEVARES, CORDOBA-MALAGUE헲, CORDOBA-MALVINAS ARGENTINAS, CORDOBA-MONTE CRISTO, CORDOBA-SANTA ISABEL (PROV.  CORDOBA), CORDOBA-TOLEDO, CORDOBA-VILLA ESQUIU, CORDOBA-VILLA RETIRO, CORDOBA
03521-AGUA HEDIONDA, CORDOBA-AVELLANEDA (PROV. CORDOBA), CORDOBA-CAMINIAGA, CORDOBA-COPACABANA (PROV.  CORDOBA), CORDOBA-CHU헤, CORDOBA-DEAN FUNES, CORDOBA-EL PERCHEL (PROV. CORDOBA, DTO. TULUMBA), CORDOBA-EL TUSCAL, CORDOBA-GUAYACASTE, CORDOBA-ISCHILIN, CORDOBA-ISLA DE SAN ANTONIO, CORDOBA-LA CA헤DA (PROV. CORDOBA, DTO. TULUMBA), CORDOBA-LAS JUNTAS (PROV.  CORDOBA), CORDOBA-LAS PALMITAS OESTE, CORDOBA-LOS CHA헤RES, CORDOBA-LUCIO VICTOR MANSILLA, CORDOBA-QUILINO, CORDOBA-SAN JOSE DE LA DORMIDA, CORDOBA-SAN JOSE DE LAS SALINAS, CORDOBA-SAN PEDRO  DE TOYOS, CORDOBA-SANTA CRUZ (PROV.  CORDOBA), CORDOBA-VILLA ALBERTINA, CORDOBA-VILLA GUTIERREZ, CORDOBA-VILLA TULUMBA, CORDOBA
03522-AGUA DE ORO (PROV. CORDOBA, DTO. RIO SECO), CORDOBA-CAMPO ALEGRE, CORDOBA-CAMPO GRANDE (PROV.  CORDOBA), CORDOBA-CHU헤 HUASI, CORDOBA-EL RODEO (PROV.  CORDOBA), CORDOBA-ENCRUCIJADAS, CORDOBA-LA CA헤DA (PROV. CORDOBA, DTO. RIO SECO), CORDOBA-LA ESPERANZA, CORDOBA-LAS ARRIAS, CORDOBA-LOS CERRILLOS (PROV. CORDOBA, DTO RIO SECO), CORDOBA-LOS LIMITES, CORDOBA-LOS POZOS, CORDOBA-LOS TAJAMARES, CORDOBA-LOS TRES RIOS, CORDOBA-POZO NUEVO, CORDOBA-SAN FRANCISCO DEL CHA헤R, CORDOBA-SANTA ANA (PROV. CORDOBA, DTO. SOBREMONTE), CORDOBA-SEBASTIAN ELCANO, CORDOBA-TOTORILLA, CORDOBA-VILLA DE MARIA DE RIO SECO, CORDOBA
03524-EL BA헤DO NORTE, CORDOBA-LAS PE헤S NORTE, CORDOBA-SIMBOLAR (PROV.  CORDOBA), CORDOBA-VILLA DEL TOTORAL, CORDOBA
03525-AGUA DE LAS PIEDRAS, CORDOBA-AGUA DE ORO (PROV. CORDOBA, DTO. COLON), CORDOBA-ASCOCHINGA, CORDOBA-CA헤DA DE LUQUE, CORDOBA-COLONIA CAROYA, CORDOBA-EL QUEBRACHO NORTE, CORDOBA-EL SAUCE SUR, CORDOBA-ESTACION SARMIENTO, CORDOBA-GENERAL PAZ, CORDOBA-JESUS MARIA, CORDOBA-LA GRANJA, CORDOBA-LOS MOLLES (PROV.  CORDOBA, DTO. COLON), CORDOBA-SAN JORGE (PROV. CORDOBA), CORDOBA-SINSACATE, CORDOBA
0353-ARROYO ALGODON, CORDOBA-ARROYO CABRAL, CORDOBA-AUSONIA, CORDOBA-BALLESTEROS, CORDOBA-BALLESTEROS SUR, CORDOBA-BENGOLEA, CORDOBA-CARRILOBO, CORDOBA-CHAZON, CORDOBA-DALMACIO VELEZ SARFIELD, CORDOBA-ETRURIA, CORDOBA-HERNANDO, CORDOBA-JAMES CRAIK, CORDOBA-LA HERRADURA, CORDOBA-LA LAGUNA, CORDOBA-LA PALESTINA, CORDOBA-LA PLAYOSA, CORDOBA-LAS CUATRO ESQUINAS, CORDOBA-LAS ISLETILLAS, CORDOBA-LAS PE헤S SUR, CORDOBA-LAS PERDICES, CORDOBA-LAS PLAYAS, CORDOBA-LOS ZORROS, CORDOBA-LUCA, CORDOBA-PASCANAS, CORDOBA-PASCO, CORDOBA-POZO DEL MOLLE, CORDOBA-PUNTA DEL AGUA (PROV. CORDOBA, DTO. TERCERO ARRIBA), CORDOBA-RAMON J. CARCANO, CORDOBA-SANABRIA, CORDOBA-SILVIO PELLICO, CORDOBA-TICINO, CORDOBA-TIO PUJIO, CORDOBA-UCACHA, CORDOBA-VILLA MARIA, CORDOBA-VILLA NUEVA (PROV. CORDOBA), CORDOBA
03532-CALCHIN OESTE, CORDOBA-COLAZO, CORDOBA-COLONIA ALMADA, CORDOBA-COLONIA GARZON, CORDOBA-COLONIA VIDELA, CORDOBA-LAS JUNTURAS, CORDOBA-OLIVA, CORDOBA-PAMPAYASTA SUR, CORDOBA
03533-ALICIA, CORDOBA-EL ARA헤DO, CORDOBA-EL FORTIN, CORDOBA-LAS VARAS, CORDOBA-LAS VARILLAS, CORDOBA-SACANTA, CORDOBA-SATURNINO M. LASPIUR, CORDOBA-VILLA SAN ESTEBAN, CORDOBA
03537-ALTO ALEGRE, CORDOBA-BELL VILLE, CORDOBA-CINTRA, CORDOBA-CUATRO CAMINOS, CORDOBA-CHILIBROSTE, CORDOBA-IDIAZABAL, CORDOBA-JUSTINIANO POSSE, CORDOBA-LABORDE, CORDOBA-LAS LAGUNITAS, CORDOBA-MONTE LE헤, CORDOBA-MORRISON, CORDOBA-ORDO헨Z, CORDOBA-SAN ANTONIO DE LITIN, CORDOBA-SAN MARCOS SUD, CORDOBA-VILLA LOS PATOS, CORDOBA
03541-BIALET MASSE, CORDOBA-COSQUIN, CORDOBA-SAN ANTONIO DE ARREDONDO, CORDOBA-SANTA MARIA DE PUNILLA, CORDOBA-TANTI, CORDOBA-VILLA CARLOS PAZ, CORDOBA-VILLA RIO ICHO CRUZ, CORDOBA-VILLA SAN NICOLAS, CORDOBA-VILLA SANTA CRUZ DEL LAGO, CORDOBA
03463-CANALS, CORDOBA-COLONIA BREMEN, CORDOBA-COLONIA SANTA MARIA (PROV.  CORDOBA), CORDOBA-GENERAL VIAMONTE, CORDOBA-PUEBLO ITALIANO, CORDOBA-BENJAMIN GOULD, CORDOBA
03467-ARTEAGA, CORDOBA-COLONIA VEINTICINCO, CORDOBA-CRUZ ALTA, CORDOBA-INRIVILLE, CORDOBA-LOS SURGENTES, CORDOBA-MONTE BUEY, CORDOBA-SALADILLO (PROV.  CORDOBA), CORDOBA-SAN JOSE DE LA ESQUINA, CORDOBA-LOS NOGALES (PROV.  SANTA FE), SANTA FE
03468-ALEJO LEDESMA, CORDOBA-ARIAS, CORDOBA-CAFFERATA, CORDOBA-CAMILO ALDAO, CORDOBA-CAVANAGH, CORDOBA-COLONIA BARGE, CORDOBA-COLONIA BISMARCK, CORDOBA-CORRAL DE BUSTOS, CORDOBA-CHA헤R LADEADO, CORDOBA-GENERAL B. OHIGGINS, CORDOBA-GENERAL BALDISSERA, CORDOBA-GUATIMOZIN, CORDOBA-ISLA VERDE, CORDOBA-MONTE MAIZ, CORDOBA-WENCESLAO ESCALANTE, CORDOBA
03472-COLONIA FLORA, CORDOBA-GENERAL ROCA (PROV.  CORDOBA), CORDOBA-LEONES, CORDOBA-MARCOS JUAREZ, CORDOBA-NOETINGER, CORDOBA-SAIRA, CORDOBA-VILLA ELISA (PROV.  CORDOBA), CORDOBA
03387-ONAGOITY, CORDOBA-BOUCHARD, CORDOBA-ITALO, CORDOBA
03385-JOVITA, CORDOBA-LABOULAYE, CORDOBA-MELO, CORDOBA-RIOBAMBA, CORDOBA-ROSALES, CORDOBA-SAN JOAQUIN, CORDOBA-SERRANO, CORDOBA-VILLA ROSSI, CORDOBA-GENERAL LEVALLE, CORDOBA-GUARDIA VIEJA, CORDOBA
02336-VILLA HUIDOBRO, CORDOBA-HUINCA RENANCO, CORDOBA-PINCEN, CORDOBA
03777-COLONIA PORVENIR, CORRIENTES-COLONIA PROGRESO, CORRIENTES-COLONIA TRES DE ABRIL, CORRIENTES-DESMOCHADO, CORRIENTES-ESQUINA (PROV.  CORRIENTES), CORRIENTES-GOBERNADOR MARTINEZ, CORRIENTES-GOYA, CORRIENTES-GUAYQUIRARO, CORRIENTES-IFRAN, CORRIENTES-LAVALLE (PROV.  CORRIENTES), CORRIENTES-MALVINAS, CORRIENTES-MANUEL F MANTILLA, CORRIENTES-PAGO REDONDO, CORRIENTES-PARAJE MARUCHAS, CORRIENTES-PARAJE SAN ISIDRO, CORRIENTES-PARAJE SANTILLAN, CORRIENTES-PUEBLO LIBERTADOR, CORRIENTES-SAN ROQUE (PROV.  CORRIENTES), CORRIENTES-SANTA LUCIA (PROV.  CORRIENTES), CORRIENTES-YATAITY CALLE, CORRIENTES-9 DE JULIO (PROV.  CORRIENTES), CORRIENTES-BELLA VISTA (PROV.  CORRIENTES), CORRIENTES-CAFARRE헲, CORRIENTES-COLONIA CAROLINA, CORRIENTES-COLONIA CECILIO ECHAVARRIA, CORRIENTES
03781-BERON DE ASTRADA, CORRIENTES-CAA CATI, CORRIENTES-COLONIA MADARIAGA, CORRIENTES-ITA IBATE, CORRIENTES-LORETO, CORRIENTES-PASO FLORENTIN, CORRIENTES-SAN MIGUEL (PROV.  CORRIENTES), CORRIENTES
03782-ANGUA, CORRIENTES-COLONIA PANDO, CORRIENTES-COLONIA SARGENTO CABRAL, CORRIENTES-COLONIA TATACUA, CORRIENTES-CONCEPCION (PROV.  CORRIENTES), CORRIENTES-MANANTIALES (PROV. CORRIENTES), CORRIENTES-MBURUCUYA, CORRIENTES-PASO ALEGRE, CORRIENTES-SALADAS, CORRIENTES-SAN LORENZO (PROV.  CORRIENTES), CORRIENTES-SANTA ROSA (PROV.  CORRIENTES), CORRIENTES
0379-CORRIENTES, CORRIENTES-EL SOMBRERO, CORRIENTES-EMPEDRADO, CORRIENTES-HERLITZKA, CORRIENTES-ITATI, CORRIENTES-LAGUNA BRAVA, CORRIENTES-MANUEL DERQUI, CORRIENTES-PASO DE LA PATRIA, CORRIENTES-RIACHUELO, CORRIENTES-SAN COSME, CORRIENTES-SAN LUIS DEL PALMAR, CORRIENTES-SANTA ANA (PROV.  CORRIENTES), CORRIENTES
03786-APIPE GRANDE, CORRIENTES-COLONIA SAN ANTONIO, CORRIENTES-ITUZAINGO, CORRIENTES-VILLA OLIVARI, CORRIENTES
03756-GALARZA, CORRIENTES-GOBERNADOR VIRASORO, CORRIENTES-GOMEZ CUE, CORRIENTES-HORMIGUERO, CORRIENTES-SANTO TOME, CORRIENTES
03772-ALVEAR, CORRIENTES-GUAVIRAVI, CORRIENTES-LA CRUZ (PROV.  CORRIENTES), CORRIENTES-PANCHO CUE, CORRIENTES-PARAJE ESTINGANA, CORRIENTES-PASO DE LOS LIBRES, CORRIENTES-TAPEBICUA, CORRIENTES-YAPEYU, CORRIENTES-YURUCUA, CORRIENTES
03775-MOCORETA, CORRIENTES-MONTE CASEROS, CORRIENTES-SAN ANTONIO (PROV.  CORRIENTES), CORRIENTES-BOMPLAND, CORRIENTES-COLONIA LIBERTAD, CORRIENTES-JUAN PUJOL, CORRIENTES
03773-AGUAY, CORRIENTES-CAPITA MINI, CORRIENTES-COLONIA CARLOS PELLEGRINI, CORRIENTES-CHAVARRIA, CORRIENTES-FELIPE YOFRE, CORRIENTES-MERCEDES (PROV.  CORRIENTES), CORRIENTES-PASO BUENA VISTA, CORRIENTES-PERUGORRIA, CORRIENTES-SOLARI, CORRIENTES
03774-BAIBIENE, CORRIENTES-CURUZU CUATIA, CORRIENTES-CHA헤R (PROV. CORRIENTES), CORRIENTES-SAUCE, CORRIENTES
03458-SAN JAIME DE LA FRONTERA, ENTRE RIOS-SAN JOSE DE FELICIANO, ENTRE RIOS-SAN VICTOR, ENTRE RIOS-LOS CONQUISTADORES, ENTRE RIOS
0345-LA CRIOLLA (PROV.  ENTRE RIOS), ENTRE RIOS-LOS CHARRUAS, ENTRE RIOS-NUEVA ESCOCIA, ENTRE RIOS-OSVALDO MAGNASCO, ENTRE RIOS-PEDERNAL (PROV.  ENTRE RIOS), ENTRE RIOS-PUERTO YERUA, ENTRE RIOS-SAN SALVADOR, ENTRE RIOS-UBAJAY, ENTRE RIOS-VILLA ZORRAQUIN, ENTRE RIOS-YERUA, ENTRE RIOS-YUQUERI, ENTRE RIOS-CALABACILLAS, ENTRE RIOS-COLONIA AYUI, ENTRE RIOS-CONCORDIA, ENTRE RIOS-ESTANCIA GRANDE, ENTRE RIOS-GENERAL CAMPOS (PROV.  ENTRE RIOS), ENTRE RIOS-HUMAITA, ENTRE RIOS
03454-CONSCRIPTO BERNARDI, ENTRE RIOS-EL CIMARRON, ENTRE RIOS-FEDERAL, ENTRE RIOS-NUEVA VIZCAYA, ENTRE RIOS-SANTA MARIA (PROV.  ENTRE RIOS), ENTRE RIOS
03455-CLARA, ENTRE RIOS-DOMINGUEZ, ENTRE RIOS-DURAZNO, ENTRE RIOS-INGENIERO MIGUEL SAJAROFF, ENTRE RIOS-JUBILEO, ENTRE RIOS-LAS MOSCAS, ENTRE RIOS-MOJONES SUR, ENTRE RIOS-PI헨YRO, ENTRE RIOS-RAICES, ENTRE RIOS-VILLAGUAY, ENTRE RIOS
03456-COLONIA LA ARGENTINA, ENTRE RIOS-CHAJARI, ENTRE RIOS-FEDERACION, ENTRE RIOS-SANTA ANA (PROV.  ENTRE RIOS), ENTRE RIOS-VILLA DEL ROSARIO (PROV.  ENTRE RIOS), ENTRE RIOS
03438-PIEDRAS BLANCAS, ENTRE RIOS-PUEBLO BELLOCQ, ENTRE RIOS-SAUCE DE LUNA, ENTRE RIOS-ALCARAZ, ENTRE RIOS-ALCARAZ SEGUNDO, ENTRE RIOS-BOVRIL, ENTRE RIOS-COLONIA AVIGDOR, ENTRE RIOS
03442-CASEROS, ENTRE RIOS-COLONIA ELIA, ENTRE RIOS-CONCEPCION DEL URUGUAY, ENTRE RIOS-HERRERA (PROV. ENTRE RIOS), ENTRE RIOS-PRONUNCIAMIENTO, ENTRE RIOS-SAN CIPRIANO, ENTRE RIOS-SAN JUSTO (PROV.  ENTRE RIOS), ENTRE RIOS
03444-CUCHILLA, ENTRE RIOS-ENRIQUE CARBO, ENTRE RIOS-GENERAL GALARZA, ENTRE RIOS-GUALEGUAY, ENTRE RIOS-LAZO, ENTRE RIOS-MARIA ELINA, ENTRE RIOS-MEDANOS (PROV.  ENTRE RIOS), ENTRE RIOS-PUERTO RUIZ, ENTRE RIOS-TRES BOCAS, ENTRE RIOS
03445-ALTAMIRANO (PROV.  ENTRE RIOS), ENTRE RIOS-BASAVILBASO, ENTRE RIOS-ESTACION ECHAGUE, ENTRE RIOS-GUARDAMONTE, ENTRE RIOS-LIBAROS, ENTRE RIOS-MACIA, ENTRE RIOS-MANSILLA, ENTRE RIOS-ROCAMORA, ENTRE RIOS-ROSARIO DEL TALA, ENTRE RIOS-SANTA ANITA, ENTRE RIOS-SOLA, ENTRE RIOS-VILLA MANTERO, ENTRE RIOS-VILLA SAN MARCIAL, ENTRE RIOS
03446-ALDEA SAN ANTONIO, ENTRE RIOS-ALMADA, ENTRE RIOS-BENJAMIN LAMBERT, ENTRE RIOS-CEIBAS, ENTRE RIOS-GILBERT, ENTRE RIOS-GUALEGUAYCHU, ENTRE RIOS-IRAZUSTA, ENTRE RIOS-LARROQUE, ENTRE RIOS-PALAVECINO, ENTRE RIOS-PARERA (PROV.  ENTRE RIOS), ENTRE RIOS-PASTOR BRITOS, ENTRE RIOS-PEHUAJO SUR, ENTRE RIOS-PERDICES, ENTRE RIOS-PUEBLO BELGRANO, ENTRE RIOS-PUEBLO IBICUY, ENTRE RIOS-URDINARRAIN, ENTRE RIOS-VILLA PARANACITO, ENTRE RIOS-VIVERO, ENTRE RIOS
03447-1 DE MAYO, ENTRE RIOS-ARROYO BARU, ENTRE RIOS-COLON (PROV.  ENTRE RIOS), ENTRE RIOS-EL BRILLANTE, ENTRE RIOS-LA CLARITA, ENTRE RIOS-LIEBIG, ENTRE RIOS-SAN JOSE (PROV.  ENTRE RIOS), ENTRE RIOS-VILLA ELISA (PROV.  ENTRE RIOS), ENTRE RIOS
0343-ALDEA BRASILERA, ENTRE RIOS-ALDEA EIGENFELD, ENTRE RIOS-ALDEA MARIA LUISA, ENTRE RIOS-ALDEA PROTESTANTE, ENTRE RIOS-ALDEA SALTO, ENTRE RIOS-ALDEA SAN RAFAEL, ENTRE RIOS-ALDEA SANTA MARIA, ENTRE RIOS-ALDEA SPATZENKUTTER, ENTRE RIOS-ALDEA VALLE MARIA, ENTRE RIOS-CAMPS, ENTRE RIOS-CERRITO, ENTRE RIOS-COLONIA ALVEAR, ENTRE RIOS-COLONIA ENSAYO, ENTRE RIOS-COLONIA NUEVA, ENTRE RIOS-CRESPO, ENTRE RIOS-CURTIEMBRE, ENTRE RIOS-DIAMANTE, ENTRE RIOS-DOLL, ENTRE RIOS-EL PALENQUE, ENTRE RIOS-EL PINGO, ENTRE RIOS-GENERAL RACEDO, ENTRE RIOS-GENERAL RAMIREZ, ENTRE RIOS-HASENKAMP, ENTRE RIOS-LA LOMA, ENTRE RIOS-LA PICADA, ENTRE RIOS-MARIA GRANDE, ENTRE RIOS-MARIA GRANDE SEGUNDA SUR, ENTRE RIOS-ORO VERDE, ENTRE RIOS-PARANA, ENTRE RIOS-PUEBLO BRUGO, ENTRE RIOS-PUEBLO SAN MARTIN, ENTRE RIOS-PUIGGARI, ENTRE RIOS-SAN BENITO, ENTRE RIOS-SAUCE PINTO, ENTRE RIOS-SEGUI, ENTRE RIOS-SOSA, ENTRE RIOS-TEZANOS PINTO, ENTRE RIOS-VIALE, ENTRE RIOS-VILLA FONTANA (PROV.  ENTRE RIOS), ENTRE RIOS-VILLA GOBERNADOR ETCHEVERE, ENTRE RIOS-VILLA HERNANDARIAS, ENTRE RIOS-VILLA LIBERTADOR GENERAL SAN MARTIN, ENTRE RIOS-VILLA TABOSSI, ENTRE RIOS-VILLA URQUIZA, ENTRE RIOS
03435-20 DE SETIEMBRE, ENTRE RIOS-CRUCESITAS TERCERA, ENTRE RIOS-DON CRISTOBAL 2DO, ENTRE RIOS-DON CRISTOBAL PRIMERO, ENTRE RIOS-EST. GOBERNADOR FEBRE, ENTRE RIOS-HERNANDEZ, ENTRE RIOS-LUCAS GONZALEZ, ENTRE RIOS-NOGOYA, ENTRE RIOS
03436-ARANGUREN, ENTRE RIOS-LAS CUEVAS (PROV.  ENTRE RIOS), ENTRE RIOS-MOLINO DOLL, ENTRE RIOS-PAJONAL, ENTRE RIOS-PUEBLITO, ENTRE RIOS-RINCON (PROV.  ENTRE RIOS), ENTRE RIOS-VICTORIA, ENTRE RIOS
03437-CENTENARIO (PROV.  ENTRE RIOS), ENTRE RIOS-EL CARMEN (PROV.  ENTRE RIOS), ENTRE RIOS-EL QUEBRACHO, ENTRE RIOS-LA PAZ (PROV.  ENTRE RIOS), ENTRE RIOS-PASO MEDINA, ENTRE RIOS-PASO POTRILLO, ENTRE RIOS-PUERTO ALGARROBO, ENTRE RIOS-SAN GUSTAVO, ENTRE RIOS-SANTA ELENA, ENTRE RIOS
03718-TRES LAGUNAS, FORMOSA-RIACHO HE-HE, FORMOSA-SIETE PALMAS, FORMOSA-LAGUNA GALLO, FORMOSA-LAGUNA NAICK NECK, FORMOSA-MISION TACAAGLE, FORMOSA-PALMA SOLA (PROV. FORMOSA), FORMOSA-CLORINDA, FORMOSA-COLONIA BUENA VISTA, FORMOSA-EL ESPINILLO, FORMOSA-LAGUNA BLANCA (PROV. FORMOSA), FORMOSA
03716-COMANDANTE FONTANA, FORMOSA-ESTANISLAO DEL CAMPO, FORMOSA-GENERAL MANUEL BELGRANO, FORMOSA-IBARRETA, FORMOSA-SAN MARTIN (PROV.  FORMOSA), FORMOSA-VILLA GENERAL G㏊MES, FORMOSA
0370-COLONIA PASTORIL, FORMOSA-COLONIA VILLAFA헨, FORMOSA-EL COLORADO, FORMOSA-FORMOSA, FORMOSA-GENERAL LUCIO V. MANSILLA, FORMOSA-GRAN GUARDIA, FORMOSA-HERRADURA, FORMOSA-MOJON DE FIERRO, FORMOSA-PALO SANTO, FORMOSA-PIRANE, FORMOSA-SAN FRANCISCO DE LAISHI, FORMOSA-SAN HILARIO, FORMOSA-VILLA DOS TRECE, FORMOSA
0388-AGUA CALIENTE (PROV. JUJUY, DTO. EL CARMEN), JUJUY-ALTO COMEDERO, JUJUY-BARCENA, JUJUY-BARRIO LA UNION, JUJUY-EL CARMEN (PROV.  JUJUY), JUJUY-EL MORENO, JUJUY-JUELLA, JUJUY-LAS MADERAS, JUJUY-LEON, JUJUY-LOS ALISOS, JUJUY-LOS LAPACHOS - EST. MAQUINISTA VERON, JUJUY-LOS MANANTIALES (PROV. JUJUY), JUJUY-MAIMARA, JUJUY-MINA NUEVE DE OCTUBRE, JUJUY-MONTERRICO, JUJUY-PALPALA, JUJUY-PAMPA BLANCA, JUJUY-PERICO, JUJUY-POSTA DE LOZANO, JUJUY-PUESTO VIEJO, JUJUY-PURMAMARCA, JUJUY-REYES, JUJUY-SAN ANTONIO (PROV.  JUJUY, DTO EL CARMEN), JUJUY-SAN JUANCITO SUR, JUJUY-SAN SALVADOR DE JUJUY, JUJUY-SANTO DOMINGO (PROV.  JUJUY), JUJUY-TERMAS DE REYES, JUJUY-TILCARA, JUJUY-TUMBAYA, JUJUY-VOLCAN, JUJUY-YALA, JUJUY
03888-AGUA CALIENTE (PROV.  JUJUY, DTO. COCHINOCA ), JUJUY-ARRAYANAL, JUJUY-BARRO NEGRO, JUJUY-DON EMILIO, JUJUY-EL FUERTE, JUJUY-EL HACHERAL, JUJUY-EL PIQUETE, JUJUY-EL PUESTO, JUJUY-INGENIO LA ESPERANZA, JUJUY-LA MANGA, JUJUY-LA MENDIETA, JUJUY-LAS PAMPITAS, JUJUY-LOTE PALOS BLANCOS, JUJUY-MIRAFLORES (PROV. JUJUY), JUJUY-PARAPETI, JUJUY-PIEDRITAS (PROV. JUJUY), JUJUY-PUENTE LAVAYEN, JUJUY-SAN ANTONIO (PROV. JUJUY, DTO SAN PEDRO), JUJUY-SAN PEDRO (PROV.  JUJUY), JUJUY-SANTA CLARA, JUJUY
03885-CASIRA, JUJUY-CIENAGA GRANDE, JUJUY-CUSI CUSI, JUJUY-EL ANGOSTO, JUJUY-LA QUIACA, JUJUY-MINA PAN DE AZUCAR, JUJUY-MINA PIRQUITA, JUJUY-NAZARENO, JUJUY-ORATORIO, JUJUY-RINCONADA, JUJUY-SAN JUAN DE MISA RUMI, JUJUY-SANTA VICTORIA OESTE, JUJUY-YAVI, JUJUY
03886-CAIMANCITO, JUJUY-CALILEGUA, JUJUY-CHALICAN, JUJUY-EL TALAR, JUJUY-FRAILE PINTADO, JUJUY-LIBERTADOR GENERAL SAN MARTIN, JUJUY-MAIZ NEGRO, JUJUY-PALMA SOLA (PROV. JUJUY), JUJUY-PAMPICHUELA, JUJUY-SAN FRANCISCO (PROV. JUJUY), JUJUY-VALLE GRANDE (PROV. JUJUY), JUJUY-VI헤LITO, JUJUY-YUTO, JUJUY
03887-ABRA PAMPA, JUJUY-ABRALAITE, JUJUY-CATUA, JUJUY-COCTACA, JUJUY-CONDOR, JUJUY-CORANZULI, JUJUY-EL AGUILAR, JUJUY-HIPOLITO YRIGOYEN (PROV.  JUJUY), JUJUY-HUANCAR, JUJUY-HUMAHUACA, JUJUY-IRUYA, JUJUY-OLAROZ CHICO, JUJUY-PASO DE JAMA, JUJUY-PASTOS CHICOS, JUJUY-PUEBLO VIEJO (PROV. JUJUY), JUJUY-SAN JUAN DE QUILLAQUES, JUJUY-SANTA ANA (PROV. JUJUY), JUJUY-SUSQUES, JUJUY-TRES CRUCES, JUJUY-TUSAQUILLA, JUJUY-UQUIA, JUJUY-VALLE COLORADO, JUJUY
0298-GOBERNADOR DUVAL, LA PAMPA-VILLA REGINA, RIO NEGRO-EL CUY, RIO NEGRO-GENERAL ROCA (PROV.  RIO NEGRO), RIO NEGRO-INGENIERO HUERGO, RIO NEGRO-VALLE AZUL, RIO NEGRO-AGUADA GUZMAN, RIO NEGRO-ALLEN, RIO NEGRO-BARRIO CHACRAMONTE, RIO NEGRO-BARRIO MARIO MOSCONI, RIO NEGRO-BARRIO PUENTE CERO, RIO NEGRO-CASA DE PIEDRA (PROV. LA PAMPA), RIO NEGRO-CERRO POLICIA, RIO NEGRO-CERVANTES, RIO NEGRO-CHICHINALES, RIO NEGRO
02331-CHAMAICO, LA PAMPA-ADOLFO VAN PRAET, LA PAMPA-DAMIAN MAISONAVE, LA PAMPA-FALUCHO, LA PAMPA-PARERA (PROV.  LA PAMPA), LA PAMPA-QUETREQUEN, LA PAMPA-RANCUL, LA PAMPA-CORONEL HILARIO LAGOS, LA PAMPA-REALICO, LA PAMPA
02333-WINIFREDA, LA PAMPA-COLONIA BARON, LA PAMPA-VILLA MIRASOL, LA PAMPA-MIGUEL CANE, LA PAMPA-QUEMU QUEMU, LA PAMPA-MAURICIO MAYER, LA PAMPA
02335-ARATA, LA PAMPA-LA MARUJA, LA PAMPA-INGENIERO LUIGGI, LA PAMPA-EMBAJADOR MARTINI, LA PAMPA-PARAJE LOS HORNOS, LA PAMPA-PICHI HUINCA, LA PAMPA-CALEUFU, LA PAMPA
02338-TELEN, LA PAMPA-EL DURAZNO (PROV.  LA PAMPA), LA PAMPA-SANTA ISABEL (PROV.  LA PAMPA), LA PAMPA-CARRO QUEMADO, LA PAMPA-LA HUMADA, LA PAMPA-LA REFORMA, LA PAMPA-PUELEN, LA PAMPA-VICTORICA, LA PAMPA-LUAN TORO, LA PAMPA-JAGUEL DEL MONTE, LA PAMPA-ALGARROBO DEL AGUILA, LA PAMPA
02334-EDUARDO CASTEX, LA PAMPA-CONHELLO, LA PAMPA-MONTE NIEVAS, LA PAMPA
02302-METILEO, LA PAMPA-TRENEL, LA PAMPA-VERTIZ, LA PAMPA-GONZALEZ MORENO, LA PAMPA-INTENDENTE ALVEAR, LA PAMPA-SPELUZZI, LA PAMPA-TREBOLARES, LA PAMPA-AGUSTONI, LA PAMPA-ALTA ITALIA, LA PAMPA-BERNARDO LARROUDE, LA PAMPA-CEBALLOS, LA PAMPA-DORILA, LA PAMPA-GENERAL PICO, LA PAMPA
02954-CATRILO, LA PAMPA-LONQUIMAY, LA PAMPA-PARQUE LURO, LA PAMPA-SANTA ROSA (PROV.  LA PAMPA), LA PAMPA-TOAY, LA PAMPA-URIBURU, LA PAMPA-ANGUIL, LA PAMPA-ATALIVA ROCA, LA PAMPA-CACHIRULO, LA PAMPA
02952-COLONIA SANTA MARIA (PROV.  LA PAMPA), LA PAMPA-CUCHILLO CO, LA PAMPA-CHACHARRAMENDI, LA PAMPA-GENERAL ACHA, LA PAMPA-PUELCHES, LA PAMPA-QUEHUE, LA PAMPA
02953-ALPACHIRI (PROV. LA PAMPA), LA PAMPA-DOBLAS, LA PAMPA-GENERAL CAMPOS (PROV.  LA PAMPA), LA PAMPA-MACACHIN, LA PAMPA-MIGUEL RIGLOS, LA PAMPA-ROLON, LA PAMPA-TOMAS M. DE ANCHORENA, LA PAMPA
03821-CHEPES, LA RIOJA-DESIDERIO TELO, LA RIOJA-SAN ANTONIO (PROV.  LA RIOJA), LA RIOJA-ULAPES, LA RIOJA-VILLA CASANA, LA RIOJA
0380-AMANA, LA RIOJA-EL CANTADERO, LA RIOJA-EL HUACO, LA RIOJA-LA RIOJA, LA RIOJA-PATQUIA, LA RIOJA-VILLA SANAGASTA, LA RIOJA
03825-ALTO JAGUE, LA RIOJA-ANGUINAN, LA RIOJA-ANGULOS, LA RIOJA-ANTINACO, LA RIOJA-CAMPANAS, LA RIOJA-CARRIZAL OESTE, LA RIOJA-CHA헤RMUYO, LA RIOJA-CHILECITO, LA RIOJA-EL POTRERILLO, LA RIOJA-FAMATINA, LA RIOJA-GUANCHIN, LA RIOJA-GUANDACOL SUR, LA RIOJA-LA CUADRA, LA RIOJA-LA PUNTILLA (PROV. LA RIOJA), LA RIOJA-LOS PALACIOS (PROV. LA RIOJA), LA RIOJA-MALLIGASTA, LA RIOJA-MIRANDA, LA RIOJA-NONOGASTA, LA RIOJA-PAGANCILLO, LA RIOJA-PITUIL, LA RIOJA-POTRERO GRANDE, LA RIOJA-SAN MIGUEL (PROV. LA RIOJA), LA RIOJA-SANTA CRUZ (PROV.  LA RIOJA), LA RIOJA-SANTO DOMINGO (PROV LA RIOJA, DTO. FAMATINA), LA RIOJA-SA헲GASTA, LA RIOJA-VICHIGASTA, LA RIOJA-VILLA CASTELLI, LA RIOJA-VILLA UNION (PROV. LA RIOJA), LA RIOJA-VINCHINA, LA RIOJA
03827-LOS MOLINOS (PROV.  LA RIOJA), LA RIOJA-LOS ROBLES, LA RIOJA-PINCHAS, LA RIOJA-SALICAS, LA RIOJA-SAN PEDRO (PROV.  LA RIOJA), LA RIOJA-SCHAQUI, LA RIOJA-SURIYACO, LA RIOJA-VILLA MAZAN, LA RIOJA-AIMOGASTA, LA RIOJA-AMINGA, LA RIOJA-ANILLACO, LA RIOJA-ASPASINCHE, LA RIOJA-BA헤DO DE LOS PANTANOS, LA RIOJA-CUIPAN, LA RIOJA-CHUQUIS, LA RIOJA-ESTACION MAZAN, LA RIOJA
03826-CHAMICAL, LA RIOJA-CHA헤R (PROV. LA RIOJA), LA RIOJA-EL PORTEZUELO (PROV. LA RIOJA), LA RIOJA-LOMA BLANCA, LA RIOJA-MALANZAN, LA RIOJA-MILAGRO, LA RIOJA-NACATE, LA RIOJA-OLTA, LA RIOJA-PUNTA DE LOS LLANOS, LA RIOJA-SANTA RITA DE CATUNA, LA RIOJA-SOLCA, LA RIOJA-TAMA, LA RIOJA
0261-JOCOLI, MENDOZA-AGRELO, MENDOZA-ALTO DEL OLVIDO, MENDOZA-BARRANCAS (PROV.  MENDOZA), MENDOZA-BLANCO ENCALADA, MENDOZA-COLONIA / LOTEO NEVOT, MENDOZA-COLONIA ITALIA, MENDOZA-COLONIA SAN FRANCISCO, MENDOZA-COLONIA SUIZA, MENDOZA-COLONIA TRES DE MAYO, MENDOZA-CRUZ DE PIEDRA, MENDOZA-CHACRAS DE CORIA, MENDOZA-EL CARRIZAL DE ABAJO, MENDOZA-EL CARRIZAL DE ARRIBA, MENDOZA-EL CHICAL, MENDOZA-FRAY LUIS BELTRAN (PROV.  MENDOZA), MENDOZA-JOCOLI VIEJO, MENDOZA-LA PALMERA, MENDOZA-LA PEGA, MENDOZA-LAS VIOLETAS, MENDOZA-LAVALLE (PROV.  MENDOZA), MENDOZA-LOTEO CAVERO Y BARRIO LA COLMENA, MENDOZA-LUJAN DE CUYO, MENDOZA-MAIPU (PROV.  MENDOZA), MENDOZA-MENDOZA, MENDOZA-RODEO DE LA CRUZ, MENDOZA-RODEO DEL MEDIO, MENDOZA-SAN JOSE (PROV.  MENDOZA, DTO. LAVALLE), MENDOZA-SGUAZZINI, MENDOZA-TERMAS VILLAVICENCIO, MENDOZA-UGARTECHE, MENDOZA
02622-COLONIA LAS ROSAS, MENDOZA-CORDON DEL PLATA, MENDOZA-EL ZAMPAL, MENDOZA-EUGENIO BUSTOS, MENDOZA-LA CONSULTA, MENDOZA-LOS SAUCES, MENDOZA-PAREDITAS, MENDOZA-SAN PABLO (PROV. MENDOZA), MENDOZA-TUNUYAN, MENDOZA-TUPUNGATO, MENDOZA-VISTA FLORES, MENDOZA-ZAPATA, MENDOZA
0263-CAMPAMENTOS, MENDOZA-COSTA DE ARAUJO, MENDOZA-CHAPANAY, MENDOZA-EL CARMEN (PROV. MENDOZA), MENDOZA-EL PLUMERO, MENDOZA-ISLA GRANDE, MENDOZA-JUNIN (PROV.  MENDOZA), MENDOZA-LA BAJADA (PROV. MENDOZA), MENDOZA-LA DORMIDA, MENDOZA-LAS CATITAS, MENDOZA-MEDRANO, MENDOZA-MONTECASEROS, MENDOZA-PALMIRA, MENDOZA-PHILIPPS, MENDOZA-REDUCCION, MENDOZA-RIVADAVIA (PROV.  MENDOZA), MENDOZA-RODRIGUEZ PE헤, MENDOZA-SAN JOSE (PROV. MENDOZA, DTO. TUPUNGATO), MENDOZA-SAN MARTIN (PROV.  MENDOZA), MENDOZA-SANTA ROSA (PROV.  MENDOZA), MENDOZA-TRES PORTE헤S, MENDOZA
02624-CACHEUTA, MENDOZA-LAS CARDITAS, MENDOZA-LAS CUEVAS (PROV.  MENDOZA), MENDOZA-LAS VEGAS, MENDOZA-LOS HORCONES, MENDOZA-LOS PENITENTES, MENDOZA-PLAZA DE MULAS, MENDOZA-POLVAREDAS (PROV.  MENDOZA), MENDOZA-POTRERILLOS, MENDOZA-PUENTE DEL INCA, MENDOZA-PUNTA DE VACAS, MENDOZA-USPALLATA, MENDOZA
02625-BOWEN, MENDOZA-CALLE LARGA, MENDOZA-CANALEJAS, MENDOZA-CARMENSA, MENDOZA-COCHICO  (PROV. MENDOZA), MENDOZA-GENERAL ALVEAR (PROV.  MENDOZA), MENDOZA-JAIME PRATS, MENDOZA-REAL DEL PADRE, MENDOZA-VILLA  ATUEL NORTE, MENDOZA-VILLA ATUEL, MENDOZA
02626-ARROYITO (PROV.  MENDOZA), MENDOZA-DESAGUADERO, MENDOZA-LA PAZ (PROV.  MENDOZA), MENDOZA
0260-25 DE MAYO (PROV.  MENDOZA), MENDOZA-AGUA ESCONDIDA, MENDOZA-BARDAS BLANCAS, MENDOZA-CA헤DA SECA (PROV.  MENDOZA), MENDOZA-COLONIA ELENA, MENDOZA-EL ALAMBRADO, MENDOZA-EL MANZANO, MENDOZA-EL NIHUIL, MENDOZA-GOUDGE, MENDOZA-LA CORTADERA (PROV.  MENDOZA), MENDOZA-LA JUNTA, MENDOZA-LA LLAVE NUEVA, MENDOZA-LA NORA, MENDOZA-LAS LOICAS, MENDOZA-LAS MALVINAS, MENDOZA-LOS CLAVELES, MENDOZA-LOS MOLLES (PROV.  MENDOZA), MENDOZA-MALARG㏊, MENDOZA-MONTE COMAN, MENDOZA-헤CU헤N, MENDOZA-PATA MORA, MENDOZA-RANQUIL NORTE, MENDOZA-SAN RAFAEL (PROV. MENDOZA), MENDOZA-VALLE GRANDE (PROV. MENDOZA), MENDOZA
03758-SAN JOSE (PROV.  MISIONES), MISIONES-PLAYADITO, MISIONES-SAN CARLOS (PROV. CORRIENTES), MISIONES-CENTINELA, MISIONES-CONCEPCION DE LA SIERRA, MISIONES-GARABI (PROV. CORRIENTES), MISIONES-GARRUCHOS (PROV. CORRIENTES), MISIONES-APOSTOLES, MISIONES-AZARA, MISIONES
03755-VILLA SALTO ENCANTADO, MISIONES-SANTA RITA, MISIONES-VILLA BONITA, MISIONES-2 DE MAYO, MISIONES-25 DE MAYO (PROV.  MISIONES), MISIONES-ALBA POSSE, MISIONES-ARISTOBULO DEL VALLE, MISIONES-CAMPO GRANDE (PROV.  MISIONES), MISIONES-CAMPO RAMON, MISIONES-CAMPO VIERA, MISIONES-COLONIA ALBERDI, MISIONES-COLONIA AURORA, MISIONES-EL SOBERBIO, MISIONES-OBERA, MISIONES-PUEBLO GUARANI, MISIONES-SALTO DEL MOCONA, MISIONES-SAN MARTIN (PROV.  MISIONES), MISIONES-SAN VICENTE (PROV.  MISIONES), MISIONES
03757-ANDRESITO, MISIONES-GOBERNADOR J. J. LANUSSE, MISIONES-PUERTO ESPERANZA, MISIONES-PUERTO IGUAZU, MISIONES-PUERTO LIBERTAD, MISIONES-WANDA, MISIONES
0376-CORPUS, MISIONES-GARUPA, MISIONES-GOBERNADOR ROCA, MISIONES-HIPOLITO YRIGOYEN (PROV.  MISIONES), MISIONES-POSADAS, MISIONES-SAN IGNACIO, MISIONES-SANTA ANA (PROV.  MISIONES), MISIONES-SANTO PIPO, MISIONES-BONPLAND, MISIONES-CANDELARIA (PROV.  MISIONES), MISIONES-CERRO AZUL, MISIONES-CERRO CORA, MISIONES
03754-ALMAFUERTE (PROV.  MISIONES), MISIONES-DOS ARROYOS, MISIONES-GOBERNADOR LOPEZ, MISIONES-ITACARUARE, MISIONES-LEANDRO N. ALEM (PROV.  MISIONES), MISIONES-MOJON GRANDE, MISIONES-PANAMBI KM 15, MISIONES-PANAMBI KM8, MISIONES-SAN JAVIER (PROV.  MISIONES), MISIONES
03741-BERNARDO DE IRIGOYEN, MISIONES-SAN ANTONIO (PROV.  MISIONES), MISIONES
03743-CAPIOVI, MISIONES-GARUHAPE, MISIONES-JARDIN AMERICA, MISIONES-OASIS, MISIONES-PUERTO LEONI, MISIONES-PUERTO RICO, MISIONES-RUIZ DE MONTOYA, MISIONES
03751-9 DE JULIO (PROV.  MISIONES), MISIONES-CARAGUATAY, MISIONES-COLONIA VICTORIA, MISIONES-EL ALCAZAR, MISIONES-ELDORADO, MISIONES-MARIA  MAGDALENA, MISIONES-MONTECARLO, MISIONES-PUERTO PIRAY, MISIONES-SAN PEDRO (PROV.  MISIONES), MISIONES-TARUMA, MISIONES-VILLA ROULET, MISIONES
02942-PIEDRA DEL AGUILA, NEUQUEN-PUENTE PICUN LEUFU, NEUQUEN-QUILI MALAL, NEUQUEN-SANTO TOMAS (PROV. NEUQUEN), NEUQUEN-VILLA PEHUENIA, NEUQUEN-VILLA UNION (PROV. NEUQUEN), NEUQUEN-ZAPALA, NEUQUEN-ALUMINE, NEUQUEN-BAJADA DEL AGRIO, NEUQUEN-COVUNCO ABAJO, NEUQUEN-CHACAICO SUR, NEUQUEN-LAS COLORADAS, NEUQUEN-LAS LAJAS (PROV. NEUQUEN), NEUQUEN-LOS ALAZANES, NEUQUEN-MARIANO MORENO, NEUQUEN-PARAJE PILMATUHE (PROV. NEUQUEN, DTO. LONCOPUE), NEUQUEN-PASO AGUERRE, NEUQUEN-PICUN LEUFU, NEUQUEN
02948-EL ALAMITO (PROV. NEUQUEN), NEUQUEN-EL CHOLAR, NEUQUEN-EL HUECU, NEUQUEN-HUINGANCO, NEUQUEN-LA SALADA, NEUQUEN-LAS OVEJAS, NEUQUEN-LONCOPUE, NEUQUEN-LOS MENUCOS (PROV.  NEUQUEN), NEUQUEN-NAUNAUCO, NEUQUEN-PARAJE HUARACO, NEUQUEN-PICHAIHUE, NEUQUEN-QUINTUCO, NEUQUEN-RANQUILON, NEUQUEN-TAQUIMILAN ABAJO, NEUQUEN-TRES CHORROS, NEUQUEN-TRICAO MALAL, NEUQUEN-AGUADA CHACAYCO, NEUQUEN-ANDACOLLO, NEUQUEN-BARRANCAS (PROV.  NEUQUEN), NEUQUEN-BUTA CO, NEUQUEN-BUTA RANQUIL, NEUQUEN-BUTALON NORTE, NEUQUEN-CAEPE MALAL, NEUQUEN-CAJON DE CURILEUVU, NEUQUEN-CANCHA DE HUINGANCO, NEUQUEN-CAVIAHUE, NEUQUEN-CERRO WAILE, NEUQUEN-COCHICO (PROV. NEUQUEN), NEUQUEN-COLIPILLI, NEUQUEN-CURA MALLIN, NEUQUEN-CHAPUA, NEUQUEN-CHORRIACA, NEUQUEN-CHOS MALAL, NEUQUEN
02972-JUNIN DE LOS ANDES, NEUQUEN-LAGO HUECHULAFQUEN, NEUQUEN-PILOLIL, NEUQUEN-SAN MARTIN DE LOS ANDES, NEUQUEN-LAGO MELIQUINA, NEUQUEN-NAHUEL MAPI, NEUQUEN-PARAJE CHACHIN (PROV. NEUQUEN, DTO. LACAR), NEUQUEN-PASO YUCON, NEUQUEN
0299-A헨LO, NEUQUEN-ARROYITO DEL CHOCON, NEUQUEN-BARDA DEL MEDIO, NEUQUEN-BARRIO EX ISLA 10, NEUQUEN-CATRIEL, NEUQUEN-CENTENARIO (PROV.  NEUQUEN), NEUQUEN-CINCO SALTOS, NEUQUEN-COLONIA 25 DE MAYO, NEUQUEN-COLONIA CHICA (PROV. LA PAMPA), NEUQUEN-COLONIA EL SAUZAL (PROV. LA PAMPA), NEUQUEN-CONTRALMIRANTE CORDERO, NEUQUEN-VILLA EL CHOCON, NEUQUEN-SENILLOSA, NEUQUEN-VILLA  MANZANO, NEUQUEN-CUTRAL CO, NEUQUEN-GENERAL FERNANDEZ ORO, NEUQUEN-LAS PERLAS, NEUQUEN-NEUQUEN, NEUQUEN-PLOTTIER, NEUQUEN-RINCON DE LOS SAUCES, NEUQUEN-SAN PATRICIO DEL CHA헤R, NEUQUEN-SAUZAL BONITO, NEUQUEN
02946-POMONA, RIO NEGRO-FRAY LUIS BELTRAN (PROV.  RIO NEGRO), RIO NEGRO-LAMARQUE, RIO NEGRO-CORONEL BELISLE, RIO NEGRO-CHIMPAY, RIO NEGRO-CHOELE CHOEL, RIO NEGRO-DARWIN, RIO NEGRO
02940-COLAN CONHUE (PROV.  RIO NEGRO), RIO NEGRO-COMALLO, RIO NEGRO-COMICO, RIO NEGRO-EL CAIN, RIO NEGRO-INGENIERO JACOBACCI, RIO NEGRO-LAGUNA BLANCA (PROV. RIO NEGRO), RIO NEGRO-LOS MENUCOS (PROV.  RIO NEGRO), RIO NEGRO-MAMUEL CHOIQUE, RIO NEGRO-MAQUINCHAO, RIO NEGRO-MENCUE, RIO NEGRO-OJOS DE AGUA, RIO NEGRO-PILQUINIYEU DEL LIMAY, RIO NEGRO-PRAHUANIYEU, RIO NEGRO-SIERRA COLORADA, RIO NEGRO
02934-YAMINUE, RIO NEGRO-SIERRA GRANDE, RIO NEGRO-SIERRA PAILEMAN, RIO NEGRO-TRENETA, RIO NEGRO-VALCHETA, RIO NEGRO-ARROYO DE LA VENTANA, RIO NEGRO-ARROYO LOS BERROS, RIO NEGRO-BAJO DE SANTA ROSA, RIO NEGRO-BALNEARIO LAS GRUTAS, RIO NEGRO-COLONIA AGRICOLA CHANQUIN (PROV.  RIO NEGRO, DTO. VALCHETA), RIO NEGRO-CONA NIYEU, RIO NEGRO-MINISTRO RAMOS MEXIA, RIO NEGRO-PUERTO SAN ANTONIO ESTE, RIO NEGRO-SAN ANTONIO OESTE, RIO NEGRO
02920-STROEDER, RIO NEGRO-VIEDMA, RIO NEGRO-BAHIA SAN BLAS, RIO NEGRO-BALNEARIO EL CONDOR, RIO NEGRO-GUARDIA MITRE, RIO NEGRO-SAN JAVIER (PROV.  RIO NEGRO), RIO NEGRO
02931-RIO COLORADO (PROV. RIO NEGRO), RIO NEGRO-GENERAL CONESA (PROV.  RIO NEGRO), RIO NEGRO
03878-PICHANAL, SALTA-PLUMA DE PATO, SALTA-RIVADAVIA (PROV.  SALTA), SALTA-URUNDEL, SALTA-ISLA DE CANA, SALTA-LA QUENA, SALTA-LA UNION, SALTA-LOS BLANCOS, SALTA-LOS TOLDOS (PROV.  SALTA), SALTA-MISION CHAQUE헤, SALTA-ORAN, SALTA-PADRE LOZANO, SALTA-AGUAS BLANCAS, SALTA-CAMPICHUELO, SALTA-COLONIA SANTA ROSA, SALTA-CORONEL JUAN SOLA, SALTA-DRAGONES, SALTA-EMBARCACION, SALTA-GENERAL BALLIVIAN, SALTA-HIPOLITO YRIGOYEN (PROV.  SALTA), SALTA
03873-YACUI, SALTA-AGUARAY, SALTA-ALTO DE LA SIERRA, SALTA-CAMPAMENTO VESPUCIO, SALTA-CAPIAZUTI, SALTA-CORONEL CORNEJO, SALTA-GENERAL ENRIQUE MOSCONI, SALTA-SALVADOR MAZZA, SALTA-SANTA MARIA (PROV. SALTA, DTO. RIVADAVIA), SALTA-SANTA VICTORIA ESTE, SALTA-TARTAGAL (PROV.  SALTA), SALTA-TOBANTIRENDA, SALTA
03876-ANTILLA, SALTA-EL GALPON, SALTA-EL JARDIN, SALTA-EL TALA, SALTA-LA CANDELARIA, SALTA-METAN, SALTA-RIO PIEDRAS, SALTA-ROSARIO DE LA FRONTERA, SALTA-SAN FELIPE, SALTA
0387-LA CALDERILLA, SALTA-LA CIENAGA (PROV. SALTA), SALTA-LA MERCED (PROV.  SALTA), SALTA-LA SILLETA, SALTA-LA VINA, SALTA-LAS COSTAS, SALTA-LOS ALAMOS, SALTA-MINA SIJES, SALTA-MINA TINCALAYU, SALTA-OLACAPATO, SALTA-PASO DE SICO, SALTA-ROSARIO DE LERMA, SALTA-SALAR DE POCITOS, SALTA-SALTA, SALTA-SAN AGUSTIN (PROV.  SALTA), SALTA-SAN ANTONIO DE LOS COBRES, SALTA-SAN LORENZO (PROV. SALTA), SALTA-SAN LUIS (PROV. SALTA), SALTA-TOLAR GRANDE, SALTA-TRES POZOS (PROV.  SALTA), SALTA-VAQUEROS, SALTA-ATOCHA, SALTA-CAMPO QUIJANO, SALTA-CAMPO SANTO, SALTA-CERRILLOS, SALTA-COBOS, SALTA-CORONEL MOLDES (PROV.  SALTA), SALTA-CHICOANA, SALTA-EL CARRIL, SALTA-GUACHIPAS, SALTA-GUEMES, SALTA-INGENIERO MAURY, SALTA-LA CALDERA, SALTA
03868-ANGASTACO, SALTA-ANIMAMA, SALTA-CACHI, SALTA-CAFAYATE, SALTA-EL BARRIAL, SALTA-FINCA PALERMO, SALTA-LA PAYA, SALTA-LURACATAO, SALTA-MOLINOS, SALTA-PAYOGASTA, SALTA-SAN CARLOS (PROV.  SALTA), SALTA-SECLANTAS, SALTA-TOLOMBON, SALTA
0264-9 DE JULIO (PROV.  SAN JUAN), SAN JUAN-ARROYO LOS TAPONES, SAN JUAN-BALDE DE LEYES SSPLD, SAN JUAN-BARRIO QUINTO CUARTEL, SAN JUAN-BARRIO RUTA  40 EL CERRILLO, SAN JUAN-BERMEJO, SAN JUAN-BOCA DEL TIGRE, SAN JUAN-CA헤DA HONDA, SAN JUAN-CARPINTERIA (PROV. SAN JUAN), SAN JUAN-CAUCETE, SAN JUAN-CIENAGUITA, SAN JUAN-CONTROL FORESTAL (PROV.  SAN JUAN, DTO. CAUCETE), SAN JUAN-DIVISADERO, SAN JUAN-DIVISORIA  (PROV.  SAN JUAN, DTOS. CAUCETE Y 25 DE MAYO), SAN JUAN-ESTACION ALBARDON, SAN JUAN-ESTACION ANGACO NORTE, SAN JUAN-GUANACACHE, SAN JUAN-LA CHIMBERA, SAN JUAN-LAS CASUARINAS, SAN JUAN-LAS LAGUNAS, SAN JUAN-LOS BERROS, SAN JUAN-MARAYES, SAN JUAN-PEDERNAL (PROV.  SAN JUAN), SAN JUAN-POCITO, SAN JUAN-POZO DE LOS ALGARROBOS (PROV. SAN JUAN, DTO. CAUCETE), SAN JUAN-PUNTA DEL AGUA (PROV. SAN JUAN), SAN JUAN-PUNTA DEL MEDANO, SAN JUAN-PUNTA DEL MONTE, SAN JUAN-SAN JUAN, SAN JUAN-SAN MARTIN (PROV.  SAN JUAN), SAN JUAN-TIERRITAS, SAN JUAN-VILLA BASILIO NIEVAS, SAN JUAN-VILLA CARI헲, SAN JUAN-VILLA IBA헨Z, SAN JUAN-VILLA MEDIA AGUA, SAN JUAN-VILLA SANTA ROSA, SAN JUAN
02646-ASTICA, SAN JUAN-BALDE DEL ROSARIO, SAN JUAN-CHUCUMA, SAN JUAN-ISCHIGUALASTO, SAN JUAN-LA MAJADITA, SAN JUAN-SAN AGUSTIN DEL VALLE FERTIL, SAN JUAN-USNO, SAN JUAN
02647-COLANG㏏L, SAN JUAN-ENTRE RIOS, SAN JUAN-GRAN CHINA, SAN JUAN-HUACO, SAN JUAN-HUERTA DE HUACHI, SAN JUAN-IGLESIA, SAN JUAN-JACHAL, SAN JUAN-LA CIENAGA (PROV. SAN JUAN, DTO. JACHAL), SAN JUAN-LAS FLORES (PROV.  SAN JUAN), SAN JUAN-MOGNA, SAN JUAN-NIQUIVIL, SAN JUAN-RODEO, SAN JUAN-SAN ROQUE  (PROV.  SAN JUAN), SAN JUAN-TAMBERIAS, SAN JUAN-TUDCUM, SAN JUAN-VILLA MERCEDES (PROV. SAN JUAN), SAN JUAN
02648-BARREAL, SAN JUAN-CALINGASTA, SAN JUAN-COLON (PROV. SAN JUAN), SAN JUAN-HILARIO, SAN JUAN-TAMBERIA, SAN JUAN
02651-CANDELARIA (PROV.  SAN LUIS), SAN LUIS-CAROLINA, SAN LUIS-HIPOLITO YRIGOYEN (PROV.  SAN LUIS), SAN LUIS-LA BOTIJA, SAN LUIS-LA CALERA (PROV.  SAN LUIS), SAN LUIS-LA CHA헤RIENTA, SAN LUIS-LA MAJADA (PROV. SAN LUIS), SAN LUIS-LUJAN (PROV.  SAN LUIS), SAN LUIS-PARQUE NACIONAL SIERRA DE LAS QUIJADAS, SAN LUIS-POZO DEL TALA, SAN LUIS-QUINES, SAN LUIS-SAN FRANCISCO DEL MONTE DE ORO, SAN LUIS
0266-BALDE, SAN LUIS-BEAZLEY, SAN LUIS-CAZADOR, SAN LUIS-EL DURAZNO (PROV.  SAN LUIS), SAN LUIS-EL TRAPICHE, SAN LUIS-EL VOLCAN, SAN LUIS-POTRERO DE LOS FUNES, SAN LUIS-SALINAS DEL BEBEDERO, SAN LUIS-SAN LUIS (PROV. SAN LUIS), SAN LUIS-SAN ROQUE (PROV.  SAN LUIS), SAN LUIS-VARELA, SAN LUIS-VILLA DE LA QUEBRADA, SAN LUIS
02655-JUAN LLERENA, SAN LUIS-LA PUNILLA, SAN LUIS-LA TOMA, SAN LUIS-PASO GRANDE, SAN LUIS-SAN JOSE DEL MORRO, SAN LUIS
02656-CARPINTERIA (PROV. SAN LUIS, DTO. JUNIN), SAN LUIS-CONCARAN, SAN LUIS-CORTADERAS, SAN LUIS-LAFINUR, SAN LUIS-LOS MOLLES (PROV.  SAN LUIS), SAN LUIS-MERLO (PROV.  SAN LUIS), SAN LUIS-NASCHEL, SAN LUIS-PAPAGALLOS, SAN LUIS-PUNTA DEL AGUA (PROV. SAN LUIS), SAN LUIS-SAN MARTIN (PROV.  SAN LUIS), SAN LUIS-SANTA ROSA DEL CONLARA, SAN LUIS-TILISARAO, SAN LUIS-VILLA DE PRAGA, SAN LUIS-VILLA DEL CARMEN, SAN LUIS-VILLA LARCA, SAN LUIS
02658-NUEVA GALIA, SAN LUIS-UNION, SAN LUIS-ANCHORENA, SAN LUIS-ARIZONA, SAN LUIS-BAGUAL, SAN LUIS-BATAVIA, SAN LUIS-BUENA ESPERANZA, SAN LUIS-FORTIN EL PATRIA, SAN LUIS-FORTUNA, SAN LUIS-LA MAROMA, SAN LUIS-LA VERDE (PROV.  SAN LUIS), SAN LUIS-LOS OVEROS, SAN LUIS-MARTIN DE LOYOLA, SAN LUIS-NAHUEL MAPA, SAN LUIS-NAVIA, SAN LUIS
02657-FRAGA, SAN LUIS-JUAN JORBA, SAN LUIS-JUSTO DARACT, SAN LUIS-LAVAISSE, SAN LUIS-MERCEDES (PROV.  SAN LUIS), SAN LUIS-RIO QUINTO, SAN LUIS-VILLA SALLES, SAN LUIS
02902-28 DE NOVIEMBRE, SANTA CRUZ-CANCHA CARRERA, SANTA CRUZ-EL CALAFATE, SANTA CRUZ-ESPERANZA (PROV.  SANTA CRUZ), SANTA CRUZ-FUENTES DEL COYLE, SANTA CRUZ-JULIA DUFAUR, SANTA CRUZ-LAGO ROCA, SANTA CRUZ-PUNTA BANDERA, SANTA CRUZ-RIO TURBIO, SANTA CRUZ-ROSPENTEK, SANTA CRUZ-VENTISQUERO PERITO MORENO, SANTA CRUZ
02962-COMANDANTE LUIS PIEDRA BUENA, SANTA CRUZ-EL CHALTEN, SANTA CRUZ-GOBERNADOR GREGORES, SANTA CRUZ-HOTEL LAS HORQUETAS (PROV. SANTA CRUZ, DTO. RIO CHICO), SANTA CRUZ-LA CABA헤, SANTA CRUZ-LAGO DEL DESIERTO, SANTA CRUZ-PUERTO SANTA CRUZ, SANTA CRUZ-SAN JULIAN, SANTA CRUZ-TRES LAGOS, SANTA CRUZ
02963-BAJO CARACOLES, SANTA CRUZ-PERITO MORENO, SANTA CRUZ-FUNDACION PROCORDE NAMUNCURA, SANTA CRUZ-HIPOLITO YRIGOYEN (PROV. SANTA CRUZ), SANTA CRUZ-LOS ANTIGUOS, SANTA CRUZ-PASO ROBALLOS, SANTA CRUZ
02966-RIO GALLEGOS, SANTA CRUZ-YACIMIENTO PETROLIFERO DRESSER RAND ARG., SANTA CRUZ-BELLA VISTA (PROV.  SANTA CRUZ), SANTA CRUZ-LE MARCHAND, SANTA CRUZ-MONTE AYMOND, SANTA CRUZ
03471-VILLA ELOISA, SANTA FE-MONTES DE OCA, SANTA FE-TORTUGAS, SANTA FE-ARMSTRONG, SANTA FE-BOUQUET, SANTA FE-BUSTINZA, SANTA FE-CA헤DA DE GOMEZ, SANTA FE-CLASON, SANTA FE-CORREA, SANTA FE-LAS PAREJAS, SANTA FE-LAS ROSAS, SANTA FE
03469-ACEBAL, SANTA FE-ARMINDA, SANTA FE-PAVON ARRIBA, SANTA FE-PUEBLO MU헲Z, SANTA FE-URANGA, SANTA FE
03466-SAN FABIAN, SANTA FE-ESTACION BERNARDO IRIGOYEN, SANTA FE-MONJE, SANTA FE-AROCENA, SANTA FE-BARRANCAS (PROV.  SANTA FE), SANTA FE-CASALEGNO, SANTA FE-DIAZ, SANTA FE
03464-AREQUITO, SANTA FE-BIGAND, SANTA FE-CASILDA, SANTA FE-CHABAS, SANTA FE-FUENTES, SANTA FE-LOS MOLINOS (PROV.  SANTA FE), SANTA FE-PUJATO, SANTA FE-SANFORD, SANTA FE-VILLA MUGUETA, SANTA FE
03465-ALCORTA, SANTA FE-BERABEVU, SANTA FE-BOMBAL, SANTA FE-CA헤DA DEL UCLE, SANTA FE-CARRERAS, SANTA FE-CHOVET, SANTA FE-FIRMAT, SANTA FE-GODEKEN, SANTA FE-LABORDEBOY, SANTA FE-LOS QUIRQUINCHOS, SANTA FE-MELINCUE, SANTA FE-VILLA DIVISA DE MAYO, SANTA FE-VILLADA, SANTA FE
03400-EMPALME VILLA CONSTITUCION, SANTA FE-PAVON, SANTA FE-RUEDA, SANTA FE-THEOBALD, SANTA FE-VILLA CONSTITUCION, SANTA FE
03401-CAMPO CASTRO, SANTA FE-CA헤DA ROSQUIN, SANTA FE-CARLOS PELLEGRINI, SANTA FE-CASAS, SANTA FE-CENTENO, SANTA FE-EL TREBOL, SANTA FE-LAS BANDURRIAS, SANTA FE-LOS CARDOS, SANTA FE-MARIA SUSANA, SANTA FE-PIAMONTE, SANTA FE-SAN GENARO, SANTA FE-SAN GENARO NORTE, SANTA FE
03402-ALBARELLOS, SANTA FE-ALVAREZ, SANTA FE-ARROYO SECO, SANTA FE-CORONEL BOGADO, SANTA FE-CORONEL DOMINGUEZ, SANTA FE-FIGHIERA, SANTA FE-GENERAL LAGOS, SANTA FE-PUEBLO ESTHER, SANTA FE-VILLA AMELIA, SANTA FE
03404-CAMPO PIAGGIO, SANTA FE-COLONIA BELGRANO, SANTA FE-GALVEZ, SANTA FE-GESSLER, SANTA FE-LARRECHEA, SANTA FE-LOMA ALTA, SANTA FE-LOPEZ, SANTA FE-PILAR (PROV.  SANTA FE), SANTA FE-SA PEREYRA, SANTA FE-SAN CARLOS CENTRO, SANTA FE-SAN CARLOS NORTE, SANTA FE-SAN EUGENIO, SANTA FE-SAN JERONIMO DEL SAUCE, SANTA FE-SAN JERONIMO NORTE, SANTA FE-SAN MARIANO, SANTA FE-SANTA CLARA DE BUENA VISTA, SANTA FE-SANTA MARIA CENTRO, SANTA FE-SANTA MARIA NORTE, SANTA FE
03405-ALEJANDRA, SANTA FE-CACIQUE ARIACAIQUIN, SANTA FE-CAYASTA, SANTA FE-HELVECIA, SANTA FE-LA BRAVA (PROV. SANTA FE), SANTA FE-SALADERO M CABAL, SANTA FE-SAN JAVIER (PROV.  SANTA FE), SANTA FE
03406-CASTELAR, SANTA FE-CRISPI, SANTA FE-GARIBALDI, SANTA FE-LANDETA, SANTA FE-LAS PETACAS, SANTA FE-TRAILL, SANTA FE-MARIA JUANA, SANTA FE-SAN JORGE (PROV.  SANTA FE), SANTA FE-SAN MARTIN DE LAS ESCOBAS, SANTA FE-SASTRE, SANTA FE
0342-MONTE VERA, SANTA FE-NELSON, SANTA FE-RECREO (PROV.  SANTA FE), SANTA FE-SAN AGUSTIN (PROV.  SANTA FE), SANTA FE-SAN JOSE DEL RINCON, SANTA FE-SANTA FE, SANTA FE-SANTA ROSA (PROV.  SANTA FE), SANTA FE-SAUCE VIEJO, SANTA FE-AERODROMO SAUCE VIEJO, SANTA FE-ARROYO AGUIAR, SANTA FE-COLASTINE, SANTA FE-COLONIA LOS ZAPALLOS, SANTA FE-COLONIA SAN JOSE, SANTA FE-CORONDA, SANTA FE-DESVIO ARIJON, SANTA FE-EMPALME SAN CARLOS, SANTA FE-FRANCK, SANTA FE-GOBERNADOR CANDIOTI, SANTA FE-LAGUNA PAIVA, SANTA FE-LAS TUNAS, SANTA FE-MANUCHO, SANTA FE-MATILDE, SANTA FE
0341-VILLA GOBERNADOR GALVEZ, SANTA FE-ZAVALLA, SANTA FE-CAPITAN BERMUDEZ, SANTA FE-CARCARA헤, SANTA FE-CORONEL ARNOLD, SANTA FE-FUNES, SANTA FE-IBARLUCEA, SANTA FE-PEREZ, SANTA FE-ROLDAN, SANTA FE-ROSARIO, SANTA FE-SAN JERONIMO SUR, SANTA FE-SOLDINI, SANTA FE
03408-AGUARA GRANDE, SANTA FE-COLONIA PORTUGALETE, SANTA FE-LA CABRAL, SANTA FE-LA LUCILA, SANTA FE-LAS AVISPAS, SANTA FE-헤NDUCITA, SANTA FE-SAN CRISTOBAL, SANTA FE
03409-COLONIA BOSSI, SANTA FE-COLONIA CLARA, SANTA FE-CONSTANZA, SANTA FE-LAS PALMERAS, SANTA FE-MOISES VILLE, SANTA FE-MONIGOTES, SANTA FE-PALACIOS, SANTA FE
03460-CA헤DA RICA, SANTA FE-GODOY, SANTA FE-JUAN BERNABE MOLINA, SANTA FE-LA VANGUARDIA, SANTA FE-MAXIMO PAZ, SANTA FE-PEYRANO, SANTA FE-SANTA TERESA (PROV.  SANTA FE), SANTA FE-SARGENTO CABRAL, SANTA FE
03462-VILLA CA헤S, SANTA FE-TEODELINA, SANTA FE-VENADO TUERTO, SANTA FE-SAN EDUARDO, SANTA FE-SAN FRANCISCO DE SANTE FE, SANTA FE-SANCTI SPIRITU, SANTA FE-SANTA ISABEL (PROV.  SANTA FE), SANTA FE-CARMEN, SANTA FE-CHAPUY, SANTA FE-CHRISTOPHERSEN, SANTA FE-ELORTONDO, SANTA FE-LA CHISPA, SANTA FE-MAGGIOLO, SANTA FE-MARIA TERESA, SANTA FE-MURPHY, SANTA FE
03476-ALDAO, SANTA FE-CLARKE, SANTA FE-LUCIO VICENTE LOPEZ, SANTA FE-LUIS PALACIOS, SANTA FE-MACIEL, SANTA FE-OLIVEROS, SANTA FE-PUEBLO ANDINO, SANTA FE-PUERTO GABOTO, SANTA FE-RICARDONE, SANTA FE-SALTO GRANDE, SANTA FE-SAN LORENZO (PROV.  SANTA FE), SANTA FE-SERODINO, SANTA FE-TIMBUES, SANTA FE-TOTORAS, SANTA FE-VILLA LA RIBERA, SANTA FE
03491-AMBROSETTI, SANTA FE-ARRUFO, SANTA FE-CERES, SANTA FE-ESTEBAN RAMS, SANTA FE-GATO COLORADO, SANTA FE-GREGORIA PEREZ DE DENIS, SANTA FE-HERSILIA, SANTA FE-LA RUBIA, SANTA FE-LOGRO헲, SANTA FE-LOS SALADILLOS, SANTA FE-MONTEFIORE, SANTA FE-POZO BORRADO, SANTA FE-SAN BERNARDO (PROV.  SANTA FE), SANTA FE-SANTA MARGARITA, SANTA FE-TOSTADO, SANTA FE-VILLA MINETTI, SANTA FE-VILLA TRINIDAD, SANTA FE
03483-PEDRO GOMEZ CELLO, SANTA FE-VERA, SANTA FE-CALCHAQUI, SANTA FE-ESPIN, SANTA FE-FORTIN OLMOS, SANTA FE-LA GALLARETA, SANTA FE-MARGARITA, SANTA FE
03482-MOUSSY, SANTA FE-NICANOR E. MOLINAS, SANTA FE-PUERTO RECONQUISTA, SANTA FE-RECONQUISTA, SANTA FE-ROMANG, SANTA FE-SAN ANTONIO DE OBLIGADO, SANTA FE-SAN MANUEL (PROV.  SANTA FE), SANTA FE-TARTAGAL (PROV.  SANTA FE), SANTA FE-VILLA ANA, SANTA FE-VILLA GUILLERMINA, SANTA FE-VILLA OCAMPO, SANTA FE-ARROYO CEIBAL, SANTA FE-BERNA, SANTA FE-CAMPO HARDY, SANTA FE-CA헤DA OMBU, SANTA FE-EL ARAZA, SANTA FE-EL RABON, SANTA FE-EL SOMBRERITO, SANTA FE-FLOR DE ORO, SANTA FE-FLORENCIA, SANTA FE-GARABATO, SANTA FE-GUADALUPE NORTE, SANTA FE-INGENIERO CHANOURDIE, SANTA FE-INTIYACO, SANTA FE-LA SARITA, SANTA FE-LANTERI, SANTA FE-LAS GARZAS, SANTA FE-LAS TOSCAS (PROV.  SANTA FE), SANTA FE-LOS AMORES, SANTA FE-LOS LAURELES, SANTA FE-MALABRIGO, SANTA FE
03498-VILLA SARALEGUI, SANTA FE-VERA Y PINTADO, SANTA FE-VIDELA, SANTA FE-ELISA, SANTA FE-GOBERNADOR CRESPO, SANTA FE-LA CAMILA, SANTA FE-LA CRIOLLA (PROV.  SANTA FE), SANTA FE-LA PENCA Y CARAGUATA, SANTA FE-MARCELINO ESCALADA, SANTA FE-NARE, SANTA FE-RAMAYON, SANTA FE-SAN JUSTO (PROV.  SANTA FE), SANTA FE-SAN MARTIN NORTE, SANTA FE-SOLEDAD, SANTA FE
03497-PROGRESO, SANTA FE-PROVIDENCIA, SANTA FE-SANTO DOMINGO (PROV.  SANTA FE), SANTA FE-SARMIENTO (PROV.  SANTA FE), SANTA FE-SOUTO MAYOR, SANTA FE-CAMPO ANDINO, SANTA FE-CAYASTACITO, SANTA FE-COLONIA ESTHER, SANTA FE-CULULU, SANTA FE-EMILIA, SANTA FE-LA PELADA, SANTA FE-LLAMBI CAMPBELL, SANTA FE-MARIA LUISA, SANTA FE
03492-ANGELICA, SANTA FE-AURELIA SUR, SANTA FE-BAUER Y SIGEL, SANTA FE-BELLA ITALIA, SANTA FE-CASTELLANOS, SANTA FE-CLUCELLAS, SANTA FE-COLONIA CELLO, SANTA FE-COLONIA MARGARITA, SANTA FE-CORONEL FRAGA, SANTA FE-EGUSQUIZA, SANTA FE-ESMERALDA, SANTA FE-ESTACION CLUCELLAS, SANTA FE-JOSEFINA, SANTA FE-LEHMANN, SANTA FE-PRESIDENTE ROCA, SANTA FE-RAFAELA, SANTA FE-RAMONA, SANTA FE-SAGUIER, SANTA FE-SAN VICENTE (PROV.  SANTA FE), SANTA FE-SANTA CLARA DE SAGUIER, SANTA FE-SUSANA, SANTA FE-VILA, SANTA FE-VILLA SAN JOSE, SANTA FE
03493-ATALIVA, SANTA FE-COLONIA ALDAO, SANTA FE-COLONIA BICHA, SANTA FE-COLONIA TACURALES, SANTA FE-EUSEBIA, SANTA FE-GALISTEO, SANTA FE-HUMBERTO PRIMO, SANTA FE-RAQUEL, SANTA FE-SUNCHALES, SANTA FE-TACURAL, SANTA FE
03496-CAVOUR, SANTA FE-COLONIA PUJOL, SANTA FE-ESPERANZA (PROV.  SANTA FE), SANTA FE-FELICIA, SANTA FE-GRUTLY SUR, SANTA FE-HUMBOLDT, SANTA FE-NUEVO TORINO, SANTA FE-RIVADAVIA (PROV.  SANTA FE), SANTA FE
0385-FERNANDEZ, SANTIAGO DEL ESTERO-FORRES, SANTIAGO DEL ESTERO-LA AURORA, SANTIAGO DEL ESTERO-LOS NU헨Z, SANTIAGO DEL ESTERO-LOS QUIROGA, SANTIAGO DEL ESTERO-LOS SORIA, SANTIAGO DEL ESTERO-MACO, SANTIAGO DEL ESTERO-MAQUITO, SANTIAGO DEL ESTERO-SANTA MARIA (PROV. SANTIAGO DEL ESTERO, DTO. CAPITAL), SANTIAGO DEL ESTERO-SANTIAGO DEL ESTERO, SANTIAGO DEL ESTERO-SIMBOL, SANTIAGO DEL ESTERO-SIMBOLAR (PROV.  SANTIAGO DEL ESTERO), SANTIAGO DEL ESTERO-TRAMO 16, SANTIAGO DEL ESTERO-TRAMO 20, SANTIAGO DEL ESTERO-VILMER, SANTIAGO DEL ESTERO-VUELTA DE LA BARRANCA, SANTIAGO DEL ESTERO-YANDA, SANTIAGO DEL ESTERO-ANTAJE, SANTIAGO DEL ESTERO-ARRAGA, SANTIAGO DEL ESTERO-BELTRAN, SANTIAGO DEL ESTERO-CA헤DA ESCOBAR, SANTIAGO DEL ESTERO-CLODOMIRA, SANTIAGO DEL ESTERO-CHAUCHILLAS, SANTIAGO DEL ESTERO-EL ZANJON, SANTIAGO DEL ESTERO
03854-ANCAJAN, SANTIAGO DEL ESTERO-CHOYA (PROV. SANTIAGO DEL ESTERO), SANTIAGO DEL ESTERO-FRIAS, SANTIAGO DEL ESTERO-GENERAL LAVALLE (PROV.  SANTIAGO DEL ESTERO), SANTIAGO DEL ESTERO-LAS PALOMITAS, SANTIAGO DEL ESTERO-SAN PEDRO (PROV. SANTIAGO DEL ESTERO, DTO. GUASAYAN), SANTIAGO DEL ESTERO-SAN PEDRO (PROV. SANTIAGO DEL ESTERO, DTO. CHOYA), SANTIAGO DEL ESTERO-TAPSO (PROV. CATAMARCA), SANTIAGO DEL ESTERO
03855-BANDERA BAJADA, SANTIAGO DEL ESTERO-CASPI CORRAL, SANTIAGO DEL ESTERO-COLONIA EL SIMBOLAR, SANTIAGO DEL ESTERO-GARZA, SANTIAGO DEL ESTERO-KILOMETRO 30, SANTIAGO DEL ESTERO-MATARA, SANTIAGO DEL ESTERO-MINERVA, SANTIAGO DEL ESTERO-SUNCHO CORRAL, SANTIAGO DEL ESTERO
03856-EL "49" (Km. 49), SANTIAGO DEL ESTERO-LOS TELARES, SANTIAGO DEL ESTERO-OJO DE AGUA (PROV. SANTIAGO DEL ESTERO), SANTIAGO DEL ESTERO-SALAVINA, SANTIAGO DEL ESTERO-SUMAMPA, SANTIAGO DEL ESTERO
03857-BANDERA, SANTIAGO DEL ESTERO-COLONIA ALPINA, SANTIAGO DEL ESTERO-GUARDIA ESCOLTA, SANTIAGO DEL ESTERO-LOS JURIES, SANTIAGO DEL ESTERO-MALBRAN, SANTIAGO DEL ESTERO-PALO NEGRO, SANTIAGO DEL ESTERO-PINTO, SANTIAGO DEL ESTERO-SELVA, SANTIAGO DEL ESTERO
03858-COLONIA TINCO, SANTIAGO DEL ESTERO-EL CHARCO, SANTIAGO DEL ESTERO-LA  DONOSA, SANTIAGO DEL ESTERO-MANSUPA, SANTIAGO DEL ESTERO-POZO HONDO, SANTIAGO DEL ESTERO-POZUELOS, SANTIAGO DEL ESTERO-TERMAS DE RIO HONDO, SANTIAGO DEL ESTERO-VILLA RIO HONDO, SANTIAGO DEL ESTERO-VINARA, SANTIAGO DEL ESTERO
03861-ARENALES, SANTIAGO DEL ESTERO-BOBADAL, SANTIAGO DEL ESTERO-EL MOJON, SANTIAGO DEL ESTERO-NUEVA ESPERANZA, SANTIAGO DEL ESTERO-POZO BETBEDER, SANTIAGO DEL ESTERO-RAPELLI, SANTIAGO DEL ESTERO-SANTO DOMINGO (PROV. SANTIAGO DEL ESTERO, DTO. PELLEGRINI), SANTIAGO DEL ESTERO
03841-MONTE QUEMADO, SANTIAGO DEL ESTERO-PAMPA DE LOS GUANACOS, SANTIAGO DEL ESTERO-SACHAYOJ, SANTIAGO DEL ESTERO
03843-QUIMILI, SANTIAGO DEL ESTERO
03844-A헤TUYA, SANTIAGO DEL ESTERO-COLONIA DORA, SANTIAGO DEL ESTERO-HERRERA (PROV. SANTIAGO DEL ESTERO), SANTIAGO DEL ESTERO-ICA헲 (PROV.  SANTIAGO DEL ESTERO), SANTIAGO DEL ESTERO-LUGONES, SANTIAGO DEL ESTERO-MAILIN, SANTIAGO DEL ESTERO-REAL SAYANA, SANTIAGO DEL ESTERO-TACA헬TAS, SANTIAGO DEL ESTERO
03845-BREA POZO, SANTIAGO DEL ESTERO-ESTACION ATAMISQUI, SANTIAGO DEL ESTERO-MEDELLIN, SANTIAGO DEL ESTERO-NUEVA FRANCIA, SANTIAGO DEL ESTERO-VILLA ATAMISQUI, SANTIAGO DEL ESTERO-VILLA NUEVA (PROV. SANTIAGO DEL ESTERO), SANTIAGO DEL ESTERO-VILLA SAN MARTIN, SANTIAGO DEL ESTERO
03846-CAMPO GALLO, SANTIAGO DEL ESTERO-TINTINA, SANTIAGO DEL ESTERO
02901-USHUAIA, TIERRA DEL FUEGO-LAS COTORRAS, TIERRA DEL FUEGO-TOLHUIN, TIERRA DEL FUEGO
02964-RIO GRANDE (PROV.  TIERRA DEL FUEGO), TIERRA DEL FUEGO
03862-CHOROMORO, TUCUMAN-GONZALO, TUCUMAN-NORCO, TUCUMAN-SAN PEDRO DE COLALAO, TUCUMAN-TRANCAS, TUCUMAN
03869-PALA PALA, TUCUMAN-QUILMES, TUCUMAN-RANCHILLOS, TUCUMAN-VILLA RESCATE, TUCUMAN-ESTACION ARAOZ, TUCUMAN-LAS CEJAS, TUCUMAN-LOS RALOS, TUCUMAN
03863-ACHERAL, TUCUMAN-FAMAILLA, TUCUMAN-INDEPENDENCIA, TUCUMAN-LEALES, TUCUMAN-MONTEROS, TUCUMAN-PUEBLO VIEJO (PROV. TUCUMAN, DTO. MONTEROS), TUCUMAN-RIO COLORADO (PROV. TUCUMAN), TUCUMAN-RIO SECO, TUCUMAN-SANTA LUCIA (PROV.  TUCUMAN), TUCUMAN-SANTA ROSA DE LEALES, TUCUMAN-SIMOCA, TUCUMAN-VILLA FIAD, TUCUMAN-VILLA QUINTEROS, TUCUMAN
03865-AGUILARES, TUCUMAN-ALPACHIRI (PROV. TUCUMAN), TUCUMAN-ALTO VERDE, TUCUMAN-ARCADIA, TUCUMAN-COLONIA NUEVA TRINIDAD, TUCUMAN-CONCEPCION (PROV. TUCUMAN), TUCUMAN-ESCABA DE ABAJO, TUCUMAN-JUAN BAUTISTA ALBERDI, TUCUMAN-LA COCHA, TUCUMAN-LA TRINIDAD, TUCUMAN-LOS SARMIENTOS, TUCUMAN-PUEBLO VIEJO (PROV. TUCUMAN, DTO. COCHA), TUCUMAN-SANTA ANA (PROV.  TUCUMAN), TUCUMAN-VILLA BELGRANO, TUCUMAN
03867-EL MOLLAR, TUCUMAN-TAFI DEL VALLE, TUCUMAN
0381-SIAMBON, TUCUMAN-TAFI VIEJO, TUCUMAN-VILLA CARMELA, TUCUMAN-VILLA NOUGUES, TUCUMAN-BARRIO 12 DE JUNIO, TUCUMAN-BARRIO CASA ROSADA, TUCUMAN-BELLA VISTA (PROV.  TUCUMAN), TUCUMAN-COLOMBRES, TUCUMAN-COLONIA LOTE 11, TUCUMAN-DELFIN GALLO, TUCUMAN-EL BRACHO, TUCUMAN-EL CADILLAL, TUCUMAN-EL CHA헤R, TUCUMAN-INGENIO LA TRINIDAD, TUCUMAN-LA FLORIDA, TUCUMAN-LA RAMADA, TUCUMAN-LA REDUCCION, TUCUMAN-LAS BOLSAS, TUCUMAN-LOS GUTIERREZ, TUCUMAN-LOS NOGALES (PROV.  TUCUMAN), TUCUMAN-LULES, TUCUMAN-MANUEL GARCIA FERNANDEZ, TUCUMAN-PACARA, TUCUMAN-RACO, TUCUMAN-SAN ANDRES, TUCUMAN-SAN JAVIER (PROV.  TUCUMAN), TUCUMAN-SAN MIGUEL DE TUCUMAN, TUCUMAN-SAN PABLO (PROV. TUCUMAN), TUCUMAN
03894-GOBERNADOR GARMENDIA, TUCUMAN-LAGUNA DE ROBLES, TUCUMAN-RIO DEL NIO, TUCUMAN-VILLA BENJAMIN ARAOZ, TUCUMAN-BURRUYACU, TUCUMAN-CHORRILLOS, TUCUMAN
03891-LA MADRID, TUCUMAN-MONTEAGUDO, TUCUMAN-TACO RALO, TUCUMAN-GRANEROS, TUCUMAN
03892-AMAICHA DEL VALLE, TUCUMAN-ANCAJULI, TUCUMAN-COLALAO DEL VALLE, TUCUMAN
